City_ID,City,Lat,Lng,Max Temp,Humidity,Cloudiness,Wind Speed,Country,Date
0,Tiksi,71.6872,128.8694,-18.67,100,100,1.79,RU,2021-12-12 19:48:34
1,Kahului,20.8947,-156.47,78.06,80,40,18.41,US,2021-12-12 19:45:27
2,Port Elizabeth,-33.918,25.5701,72.1,83,90,5.75,ZA,2021-12-12 19:48:35
3,Shingu,33.7333,135.9833,50.41,67,9,11.3,JP,2021-12-12 19:48:35
4,Batagay,67.6333,134.6333,-40.67,100,97,1.63,RU,2021-12-12 19:48:36
5,Puerto Escondido,15.85,-97.0667,85.78,63,2,9.35,MX,2021-12-12 19:48:36
6,Ushuaia,-54.8,-68.3,44.26,76,75,36.82,AR,2021-12-12 19:48:02
7,Maltahohe,-24.8333,16.9833,73.83,13,0,15.97,NA,2021-12-12 19:48:37
8,Pilar,-9.5972,-35.9567,85.93,64,77,11.86,BR,2021-12-12 19:48:37
9,Rikitea,-23.1203,-134.9692,77.4,76,88,10.0,PF,2021-12-12 19:48:06
10,Madrid,40.4165,-3.7026,53.38,80,0,0.0,ES,2021-12-12 19:47:23
11,Albany,42.6001,-73.9662,45.63,31,0,1.01,US,2021-12-12 19:43:43
12,Okhotsk,59.3833,143.3,-0.92,76,100,18.14,RU,2021-12-12 19:46:02
13,Ostrovnoy,68.0531,39.5131,30.61,90,100,18.37,RU,2021-12-12 19:48:38
14,Port Alfred,-33.5906,26.891,70.75,93,100,16.75,ZA,2021-12-12 19:48:38
15,Khao Yoi,13.2403,99.8243,70.92,79,3,6.69,TH,2021-12-12 19:48:39
16,Busselton,-33.65,115.3333,50.04,75,100,9.73,AU,2021-12-12 19:48:39
17,Tautira,-17.7333,-149.15,84.22,79,72,11.25,PF,2021-12-12 19:48:39
18,Jamestown,42.097,-79.2353,44.33,43,0,14.0,US,2021-12-12 19:48:02
19,Anadyr,64.75,177.4833,-30.5,75,40,11.18,RU,2021-12-12 19:46:01
20,Bluff,-46.6,168.3333,57.79,76,31,2.17,NZ,2021-12-12 19:48:40
21,Mataura,-46.1927,168.8643,57.47,67,89,0.13,NZ,2021-12-12 19:48:40
22,Hermanus,-34.4187,19.2345,65.89,84,98,11.45,ZA,2021-12-12 19:48:41
23,Luderitz,-26.6481,15.1594,62.94,84,3,14.0,NA,2021-12-12 19:48:41
24,Turan,16.0678,108.2208,69.85,94,75,4.61,VN,2021-12-12 19:45:03
25,Yellowknife,62.456,-114.3525,10.42,89,90,9.22,CA,2021-12-12 19:48:42
26,Taperoa,-7.2075,-36.8267,91.35,24,19,11.41,BR,2021-12-12 19:48:42
27,Mount Isa,-20.7333,139.5,79.02,17,3,9.15,AU,2021-12-12 19:48:42
28,Lorengau,-2.0226,147.2712,82.08,83,100,13.04,PG,2021-12-12 19:48:43
29,Tasiilaq,65.6145,-37.6368,35.76,70,100,21.14,GL,2021-12-12 19:48:43
30,Hukuntsi,-24.0,21.75,77.0,51,100,19.01,BW,2021-12-12 19:48:43
31,Vao,-22.6667,167.4833,77.38,90,100,17.18,NC,2021-12-12 19:48:44
32,Kokopo,-4.352,152.2633,78.1,87,99,3.38,PG,2021-12-12 19:48:44
33,Port Blair,11.6667,92.75,79.79,74,61,12.73,IN,2021-12-12 19:48:44
34,Nanortalik,60.1432,-45.2371,21.0,77,13,5.06,GL,2021-12-12 19:48:45
35,Poum,-20.2333,164.0167,77.67,89,100,13.91,NC,2021-12-12 19:48:45
36,Cape Town,-33.9258,18.4232,66.11,82,20,3.0,ZA,2021-12-12 19:48:46
37,Sur,22.5667,59.5289,71.44,60,0,6.24,OM,2021-12-12 19:48:46
38,Cherskiy,68.75,161.3,-42.3,100,47,2.42,RU,2021-12-12 19:48:47
39,Bredasdorp,-34.5322,20.0403,65.28,86,100,5.08,ZA,2021-12-12 19:48:47
40,Butaritari,3.0707,172.7902,82.6,72,57,18.32,KI,2021-12-12 19:48:48
41,Kaitangata,-46.2817,169.8464,53.65,70,77,1.32,NZ,2021-12-12 19:48:48
42,Punta Arenas,-53.15,-70.9167,51.91,32,0,23.02,CL,2021-12-12 19:48:48
43,Thompson,55.7435,-97.8558,1.56,78,90,3.44,CA,2021-12-12 19:45:21
44,Jiwani,25.05,61.7417,72.73,59,8,7.18,PK,2021-12-12 19:48:49
45,Upernavik,72.7868,-56.1549,6.4,93,100,10.13,GL,2021-12-12 19:48:49
46,Puerto Ayora,-0.7393,-90.3518,78.76,89,99,7.7,EC,2021-12-12 19:49:50
47,Mar Del Plata,-38.0023,-57.5575,73.42,82,75,4.0,AR,2021-12-12 19:49:11
48,Khatanga,71.9667,102.5,-51.34,100,83,2.17,RU,2021-12-12 19:49:50
49,Tilichiki,60.4667,166.1,-8.99,82,100,15.7,RU,2021-12-12 19:49:51
50,Kamenka,51.3223,42.7678,19.74,68,25,12.57,RU,2021-12-12 19:45:38
51,Vestmannaeyjar,63.4427,-20.2734,44.31,69,100,22.08,IS,2021-12-12 19:49:51
52,Kapaa,22.0752,-159.319,78.12,75,20,3.0,US,2021-12-12 19:49:52
53,Carnarvon,-24.8667,113.6333,69.87,73,0,16.11,AU,2021-12-12 19:49:52
54,Sao Filipe,14.8961,-24.4956,75.54,68,78,6.73,CV,2021-12-12 19:49:53
55,Abalak,58.1286,68.5944,12.2,91,86,7.4,RU,2021-12-12 19:49:53
56,Avarua,-21.2078,-159.775,73.45,100,75,4.61,CK,2021-12-12 19:49:53
57,Norman Wells,65.282,-126.8329,-2.16,71,90,16.11,CA,2021-12-12 19:49:54
58,Maarianhamina,60.0973,19.9348,26.46,100,75,2.3,AX,2021-12-12 19:49:54
59,Ahipara,-35.1667,173.1667,69.46,94,100,5.95,NZ,2021-12-12 19:49:54
60,Krasnoselkup,65.7,82.4667,-15.21,92,100,6.11,RU,2021-12-12 19:49:55
61,Marienburg,54.0359,19.0266,31.12,97,67,6.4,PL,2021-12-12 19:49:55
62,Buala,-8.145,159.5921,81.57,83,100,6.8,SB,2021-12-12 19:49:55
63,Hilo,19.7297,-155.09,78.28,1,15,8.12,US,2021-12-12 19:45:20
64,Lebu,-37.6167,-73.65,58.08,59,1,9.37,CL,2021-12-12 19:49:56
65,Zhigansk,66.7697,123.3711,-39.19,100,99,5.17,RU,2021-12-12 19:49:56
66,Araguaina,-7.1911,-48.2072,82.06,81,100,2.86,BR,2021-12-12 19:49:57
67,Tuktoyaktuk,69.4541,-133.0374,-4.0,77,90,16.11,CA,2021-12-12 19:49:57
68,Lolodorf,3.2333,10.7333,73.17,95,54,3.27,CM,2021-12-12 19:49:57
69,Boone,39.0334,-92.3335,55.67,63,0,4.0,US,2021-12-12 19:46:35
70,Ponta Do Sol,32.6667,-17.1,67.01,78,68,2.42,PT,2021-12-12 19:49:58
71,Dikson,73.5069,80.5464,-18.18,94,97,13.71,RU,2021-12-12 19:49:58
72,Biak,-0.9131,122.8766,77.27,83,99,3.18,ID,2021-12-12 19:49:59
73,Guarapari,-20.6667,-40.4975,84.09,81,99,20.04,BR,2021-12-12 19:49:59
74,Bodden Town,19.2833,-81.25,86.0,73,20,8.99,KY,2021-12-12 19:49:59
75,Hithadhoo,-0.6,73.0833,81.18,77,100,10.85,MV,2021-12-12 19:50:00
76,Leningradskiy,69.3833,178.4167,-32.03,92,3,4.09,RU,2021-12-12 19:50:00
77,Sitka,57.0531,-135.33,33.69,80,90,5.75,US,2021-12-12 19:50:00
78,Pau Brasil,-15.4642,-39.6511,77.88,75,79,4.99,BR,2021-12-12 19:50:01
79,Cabo San Lucas,22.8909,-109.9124,80.51,63,64,5.01,MX,2021-12-12 19:48:05
80,Bethel,41.3712,-73.414,47.01,37,1,1.99,US,2021-12-12 19:50:02
81,Berlevag,70.8578,29.0864,26.55,86,40,16.11,NO,2021-12-12 19:50:02
82,Kodiak,57.79,-152.4072,9.91,61,20,23.02,US,2021-12-12 19:50:02
83,Atuona,-9.8,-139.0333,79.16,76,20,19.26,PF,2021-12-12 19:50:03
84,Oeiras,-7.0253,-42.1311,100.29,23,100,4.45,BR,2021-12-12 19:50:03
85,Galle,6.0367,80.217,77.95,83,99,2.66,LK,2021-12-12 19:50:03
86,Prado,-17.3411,-39.2208,78.66,81,74,10.42,BR,2021-12-12 19:50:04
87,Hangu,39.2489,117.7892,28.44,36,0,8.72,CN,2021-12-12 19:50:04
88,Kruisfontein,-34.0033,24.7314,69.89,87,100,7.72,ZA,2021-12-12 19:50:04
89,Maldonado,-34.6667,-54.9167,85.39,49,43,15.05,UY,2021-12-12 19:50:05
90,Bengkulu,-3.8004,102.2655,75.29,90,99,4.0,ID,2021-12-12 19:47:22
91,Barrow,71.2906,-156.7887,-11.18,77,20,13.8,US,2021-12-12 19:50:05
92,Kirakira,-10.4544,161.9205,81.91,85,95,12.68,SB,2021-12-12 19:50:06
93,Katsuura,35.1333,140.3,59.02,62,54,4.63,JP,2021-12-12 19:51:06
94,New Norfolk,-42.7826,147.0587,53.92,74,24,2.59,AU,2021-12-12 19:51:06
95,Fortuna,40.5982,-124.1573,52.2,76,40,5.01,US,2021-12-12 19:51:07
96,Saldanha,-33.0117,17.9442,64.45,92,100,13.73,ZA,2021-12-12 19:51:07
97,Oranjemund,-28.55,16.4333,62.78,90,28,5.1,NA,2021-12-12 19:51:07
98,Hami,42.8,93.45,23.13,44,2,5.37,CN,2021-12-12 19:51:08
99,Alekseyevka,50.6309,38.6903,29.23,61,100,12.35,RU,2021-12-12 19:51:08
100,Zhanaozen,43.3,52.8,25.14,57,0,8.81,KZ,2021-12-12 19:51:09
101,Kenai,60.5544,-151.2583,6.85,64,1,17.27,US,2021-12-12 19:51:09
102,Nikolskoye,59.7035,30.7861,23.4,98,100,5.03,RU,2021-12-12 19:51:09
103,Atessa,42.0693,14.4511,41.29,77,38,9.31,IT,2021-12-12 19:51:10
104,Praia Da Vitoria,38.7333,-27.0667,55.76,71,40,24.74,PT,2021-12-12 19:51:10
105,Georgetown,5.4112,100.3354,80.89,80,40,5.99,MY,2021-12-12 19:48:07
106,Port-Gentil,-0.7193,8.7815,79.54,79,100,2.71,GA,2021-12-12 19:51:11
107,Bud,39.447,-86.1758,50.05,41,3,11.9,US,2021-12-12 19:51:11
108,Komsomolskiy,40.4272,71.7189,35.02,59,10,4.61,UZ,2021-12-12 19:51:11
109,Makakilo City,21.3469,-158.0858,77.32,73,75,10.36,US,2021-12-12 19:48:18
110,Esperance,-33.8667,121.9,49.84,63,60,3.74,AU,2021-12-12 19:51:12
111,Pangnirtung,66.1451,-65.7125,-0.4,65,20,2.3,CA,2021-12-12 19:51:12
112,Nemuro,43.3236,145.575,36.97,69,8,27.92,JP,2021-12-12 19:51:12
113,Mahebourg,-20.4081,57.7,79.09,69,20,8.05,MU,2021-12-12 19:51:13
114,Vaini,-21.2,-175.2,77.16,94,75,8.05,TO,2021-12-12 19:51:13
115,Tombouctou,20.0,-3.0,72.68,9,29,8.19,ML,2021-12-12 19:51:13
116,Hobart,-42.8794,147.3294,54.27,84,75,1.01,AU,2021-12-12 19:49:14
117,Saint-Philippe,-21.3585,55.7679,78.39,78,79,14.72,RE,2021-12-12 19:51:14
118,Clyde River,70.4692,-68.5914,-1.97,84,29,11.5,CA,2021-12-12 19:51:14
119,Paris,48.8534,2.3488,51.15,97,90,1.01,FR,2021-12-12 19:51:15
120,Mezen,65.8522,44.24,18.99,88,100,8.75,RU,2021-12-12 19:51:15
121,Erzin,36.9559,36.2,59.52,54,100,8.57,TR,2021-12-12 19:49:16
122,Akdepe,42.0551,59.3788,33.89,83,35,8.43,TM,2021-12-12 19:51:15
123,Torbay,47.6666,-52.7314,56.75,91,90,37.98,CA,2021-12-12 19:51:16
124,East London,-33.0153,27.9116,71.98,94,100,3.87,ZA,2021-12-12 19:51:16
125,Pevek,69.7008,170.3133,-33.54,97,16,0.4,RU,2021-12-12 19:51:16
126,La Ronge,55.1001,-105.2842,8.85,85,90,2.3,CA,2021-12-12 19:51:17
127,Perigueux,45.1833,0.7167,45.81,91,73,3.4,FR,2021-12-12 19:51:17
128,Asau,46.4333,26.4,39.96,85,100,4.03,RO,2021-12-12 19:51:18
129,Vila Franca Do Campo,37.7167,-25.4333,57.61,62,100,20.96,PT,2021-12-12 19:51:18
130,Saskylakh,71.9167,114.0833,-44.93,100,68,2.84,RU,2021-12-12 19:51:18
131,Fort William,56.8165,-5.1121,54.79,98,100,5.7,GB,2021-12-12 19:51:19
132,Mount Gambier,-37.8333,140.7667,62.51,45,9,9.22,AU,2021-12-12 19:51:19
133,Qaanaaq,77.484,-69.3632,-3.32,69,60,2.71,GL,2021-12-12 19:49:53
134,Ixtapa,20.7,-105.2,88.99,39,9,6.62,MX,2021-12-12 19:51:19
135,Shubarkuduk,49.1447,56.4872,17.13,70,0,12.15,KZ,2021-12-12 19:51:20
136,Abha,18.2164,42.5053,53.42,35,0,4.61,SA,2021-12-12 19:51:20
137,Mwinilunga,-11.7358,24.4293,67.68,77,98,4.07,ZM,2021-12-12 19:51:21
138,Florianopolis,-27.6146,-48.5012,74.43,78,40,6.91,BR,2021-12-12 19:52:21
139,Khawhai,23.3667,93.1167,42.6,90,0,2.86,IN,2021-12-12 19:52:22
140,Tabas,33.5959,56.9244,49.93,38,38,3.65,IR,2021-12-12 19:52:22
141,Alta Floresta,-9.8756,-56.0861,89.42,62,40,5.75,BR,2021-12-12 19:52:22
142,Cidreira,-30.1811,-50.2056,73.9,77,0,11.68,BR,2021-12-12 19:52:22
143,Dukat,62.55,155.55,-4.81,99,100,3.83,RU,2021-12-12 19:52:23
144,Saint George,37.1041,-113.5841,59.47,34,5,1.99,US,2021-12-12 19:52:23
145,Krasnyy Chikoy,50.3643,108.7512,-1.35,96,5,1.16,RU,2021-12-12 19:52:24
146,Le Passage,44.2014,0.6028,47.59,100,90,5.75,FR,2021-12-12 19:52:24
147,Broome,42.2506,-75.833,45.46,47,1,3.0,US,2021-12-12 19:52:24
148,El Jicaro,14.9167,-89.9,85.53,57,63,5.28,GT,2021-12-12 19:52:25
149,Sadovoye,47.7764,44.5089,25.77,63,17,12.8,RU,2021-12-12 19:52:25
150,Kavieng,-2.5744,150.7967,83.12,77,100,6.02,PG,2021-12-12 19:52:25
151,Palmer,42.1584,-72.3287,46.65,41,20,3.0,US,2021-12-12 19:52:26
152,Avera,33.194,-82.5271,62.11,38,0,7.63,US,2021-12-12 19:52:26
153,Qandala,11.472,49.8728,75.9,79,17,6.91,SO,2021-12-12 19:52:26
154,Rio Gallegos,-51.6226,-69.2181,55.45,26,40,39.12,AR,2021-12-12 19:52:27
155,Razdolnoye,43.55,131.9167,10.81,51,1,14.7,RU,2021-12-12 19:52:27
156,Ribeira Grande,38.5167,-28.7,57.6,54,40,9.22,PT,2021-12-12 19:52:28
157,Punta De Piedra,7.6176,-71.4916,92.32,35,62,2.48,VE,2021-12-12 19:52:28
158,Bambous Virieux,-20.3428,57.7575,79.05,69,20,8.05,MU,2021-12-12 19:52:28
159,Maniitsoq,65.4167,-52.9,19.33,69,15,6.53,GL,2021-12-12 19:52:29
160,Gigmoto,13.7796,124.39,78.85,87,83,17.22,PH,2021-12-12 19:52:29
161,Korla,41.7597,86.1469,18.72,71,38,2.91,CN,2021-12-12 19:52:29
162,Port Lincoln,-34.7333,135.8667,59.97,77,88,15.77,AU,2021-12-12 19:52:30
163,Saint-Augustin,51.226,-58.6502,31.17,73,99,26.13,CA,2021-12-12 19:52:30
164,Pisco,-13.7,-76.2167,73.45,68,40,13.8,PE,2021-12-12 19:52:30
165,Harper,4.375,-7.7169,80.13,82,63,7.85,LR,2021-12-12 19:52:31
166,Pincher Creek,49.4833,-113.952,35.71,66,40,18.41,CA,2021-12-12 19:52:31
167,Skjervoy,70.0311,20.9714,33.51,97,100,11.16,NO,2021-12-12 19:52:31
168,Naples,40.8333,14.25,50.05,64,0,5.01,IT,2021-12-12 19:50:05
169,Port Hawkesbury,45.6169,-61.3485,40.17,77,90,8.99,CA,2021-12-12 19:52:32
170,Homer,59.6425,-151.5483,13.87,71,1,3.44,US,2021-12-12 19:52:32
171,Iqaluit,63.7506,-68.5145,6.53,65,75,5.01,CA,2021-12-12 19:50:53
172,Narsaq,60.9167,-46.05,9.59,78,4,7.85,GL,2021-12-12 19:52:33
173,Portland,45.5234,-122.6762,44.83,91,75,4.0,US,2021-12-12 19:48:07
174,Chuy,-33.6971,-53.4616,76.33,61,0,14.99,UY,2021-12-12 19:49:26
175,Ambanja,-13.6833,48.45,75.54,86,47,1.61,MG,2021-12-12 19:52:33
176,Luanda,-8.8368,13.2343,82.4,78,40,4.61,AO,2021-12-12 19:48:14
177,Tonantins,-2.8731,-67.8022,82.09,88,94,2.95,BR,2021-12-12 19:52:34
178,Honiara,-9.4333,159.95,79.9,89,100,3.71,SB,2021-12-12 19:52:34
179,Carauari,-4.8828,-66.8958,82.72,79,98,3.56,BR,2021-12-12 19:52:35
180,Campos Gerais,-21.235,-45.7586,79.75,68,93,3.15,BR,2021-12-12 19:52:35
181,Lebedinyy,58.5167,125.5167,-22.29,79,78,7.18,RU,2021-12-12 19:52:35
182,Gizo,-8.103,156.8419,83.12,76,100,5.57,SB,2021-12-12 19:52:36
183,College,64.8569,-147.8028,-10.8,69,75,3.44,US,2021-12-12 19:52:36
184,Saint Anthony,45.0205,-93.218,39.04,57,1,4.0,US,2021-12-12 19:52:36
185,Barcelos,41.5388,-8.6151,56.91,81,36,3.87,PT,2021-12-12 19:52:37
186,Constitucion,-35.3333,-72.4167,61.45,55,0,19.08,CL,2021-12-12 19:52:37
187,Yermish,54.7678,42.2711,17.76,91,40,7.7,RU,2021-12-12 19:53:38
188,Talnakh,69.4865,88.3972,-20.79,88,100,0.25,RU,2021-12-12 19:53:38
189,Xinyang,32.1228,114.0656,39.45,84,0,2.42,CN,2021-12-12 19:51:14
190,Aleppo,36.25,37.5,54.72,48,100,8.61,SY,2021-12-12 19:53:38
191,Aksu,41.1231,80.2644,20.64,70,6,2.51,CN,2021-12-12 19:53:39
192,Quepos,9.4236,-84.1652,90.7,72,28,5.75,CR,2021-12-12 19:53:39
193,Otane,-39.8833,176.6333,62.38,98,100,3.29,NZ,2021-12-12 19:53:40
194,Cartagena,10.3997,-75.5144,87.42,62,75,16.11,CO,2021-12-12 19:53:40
195,Akdagmadeni,39.6603,35.8836,40.42,54,0,4.61,TR,2021-12-12 19:53:41
196,Souillac,-20.5167,57.5167,79.18,69,20,8.05,MU,2021-12-12 19:53:41
197,Ewa Beach,21.3156,-158.0072,79.09,73,75,15.01,US,2021-12-12 19:52:21
198,Havre-Saint-Pierre,50.2334,-63.5986,34.39,55,75,33.38,CA,2021-12-12 19:53:41
199,Yar-Sale,66.8333,70.8333,-12.32,100,89,5.03,RU,2021-12-12 19:53:42
200,Petropavlovsk-Kamchatskiy,53.0452,158.6483,27.19,69,75,4.47,RU,2021-12-12 19:53:42
201,Matamoros,25.5333,-103.25,68.11,32,8,2.62,MX,2021-12-12 19:53:42
202,Stornoway,58.2093,-6.3865,45.93,94,90,4.0,GB,2021-12-12 19:53:43
203,Landau,49.2075,8.1133,43.86,85,100,5.1,DE,2021-12-12 19:53:43
204,Coahuayana,18.7333,-103.6833,88.95,54,35,6.8,MX,2021-12-12 19:53:44
205,Karratha,-20.7377,116.8463,87.22,23,0,11.77,AU,2021-12-12 19:53:44
206,Castro,-24.7911,-50.0119,82.09,41,99,5.61,BR,2021-12-12 19:53:44
207,Chokurdakh,70.6333,147.9167,-37.95,97,98,2.04,RU,2021-12-12 19:53:44
208,Soyo,-6.1349,12.3689,78.98,87,86,5.12,AO,2021-12-12 19:53:45
209,Monte Aprazivel,-20.7725,-49.7142,93.85,45,19,9.95,BR,2021-12-12 19:53:45
210,Dunedin,-45.8742,170.5036,55.4,68,37,2.35,NZ,2021-12-12 19:50:04
211,Muros,42.7762,-9.0603,54.23,94,89,4.56,ES,2021-12-12 19:52:48
212,Zlobin,45.2924,14.6541,36.7,50,0,4.61,HR,2021-12-12 19:53:46
213,Nantucket,41.2835,-70.0995,47.08,49,7,18.97,US,2021-12-12 19:51:08
214,Thinadhoo,0.5333,72.9333,80.31,76,97,6.85,MV,2021-12-12 19:53:46
215,Prince Rupert,54.3161,-130.3201,37.09,64,1,5.75,CA,2021-12-12 19:50:47
216,Lumphat,13.4878,106.9816,66.04,81,87,5.03,KH,2021-12-12 19:53:47
217,Dudinka,69.4058,86.1778,-20.38,92,99,5.73,RU,2021-12-12 19:53:47
218,Klaksvik,62.2266,-6.589,43.72,72,100,19.01,FO,2021-12-12 19:53:48
219,Wukari,7.85,9.7833,80.85,18,86,5.26,NG,2021-12-12 19:53:48
220,Meridian,43.6121,-116.3915,55.18,50,90,5.01,US,2021-12-12 19:50:53
221,Arraial Do Cabo,-22.9661,-42.0278,84.16,69,75,17.27,BR,2021-12-12 19:53:48
222,Cockburn Town,21.4612,-71.1419,82.36,69,40,11.5,TC,2021-12-12 19:53:49
223,Muravlenko,63.7898,74.523,-12.05,100,83,5.88,RU,2021-12-12 19:53:49
224,Ayan,56.45,138.1667,8.96,66,100,11.3,RU,2021-12-12 19:53:49
225,Zabol,32.25,67.25,34.47,35,0,7.43,AF,2021-12-12 19:53:50
226,Kanigoro,-8.13,112.219,74.82,93,87,1.92,ID,2021-12-12 19:53:50
227,Camocim,-2.9022,-40.8411,85.37,65,23,20.2,BR,2021-12-12 19:52:39
228,Maryborough,-25.5333,152.7,71.11,80,10,5.37,AU,2021-12-12 19:53:51
229,Ketchikan,55.3422,-131.6461,31.12,82,100,5.7,US,2021-12-12 19:53:51
230,Aksarka,66.5606,67.7975,-6.16,100,85,1.9,RU,2021-12-12 19:53:52
231,Ulagan,50.6321,87.9563,14.05,85,100,1.54,RU,2021-12-12 19:53:52
232,Toora-Khem,52.4675,96.11,-0.92,98,97,1.03,RU,2021-12-12 19:53:52
233,Kedrovyy,56.1667,91.8167,7.21,96,100,6.91,RU,2021-12-12 19:54:53
234,Yangambi,0.8102,24.4336,73.09,90,100,2.73,CD,2021-12-12 19:54:53
235,Severo-Kurilsk,50.6789,156.125,33.04,94,87,11.61,RU,2021-12-12 19:54:53
236,Peniche,39.3558,-9.3811,63.63,71,5,5.26,PT,2021-12-12 19:54:54
237,Sorland,67.667,12.6934,37.47,71,90,16.17,NO,2021-12-12 19:54:54
238,Danshui,22.7984,114.4672,66.07,70,5,8.88,CN,2021-12-12 19:54:54
239,Palu,-0.8917,119.8707,74.84,92,89,1.81,ID,2021-12-12 19:54:55
240,Lasa,46.6166,10.7002,30.94,87,33,7.18,IT,2021-12-12 19:54:55
241,Sorong,-0.8833,131.25,81.59,79,100,6.64,ID,2021-12-12 19:54:55
242,Diamantino,-14.4086,-56.4461,82.35,77,100,7.43,BR,2021-12-12 19:54:56
243,Kaeo,-35.1,173.7833,71.33,97,100,5.7,NZ,2021-12-12 19:54:56
244,Khandyga,62.6667,135.6,-40.9,100,73,1.21,RU,2021-12-12 19:54:56
245,Nagato,34.3833,131.2,48.11,61,8,10.4,JP,2021-12-12 19:54:57
246,Rock Hill,34.9249,-81.0251,53.98,33,1,9.22,US,2021-12-12 19:51:55
247,Chazuta,-6.5742,-76.1367,94.05,51,83,6.24,PE,2021-12-12 19:54:57
248,Iranshahr,27.2025,60.6848,55.74,24,0,6.91,IR,2021-12-12 19:54:58
249,Ilulissat,69.2167,-51.1,5.54,91,91,5.12,GL,2021-12-12 19:54:58
250,Balabac,7.9868,117.0645,81.52,82,78,15.19,PH,2021-12-12 19:54:59
251,Soure,-0.7167,-48.5233,83.64,73,63,14.9,BR,2021-12-12 19:54:59
252,Takhtamygda,54.1,123.5667,-5.76,86,100,1.25,RU,2021-12-12 19:54:59
253,Sinnamary,5.3833,-52.95,77.16,91,100,11.95,GF,2021-12-12 19:55:00
254,Sola,-13.8833,167.55,81.79,80,100,14.05,VU,2021-12-12 19:55:00
255,Northam,51.0333,-4.2167,54.01,86,97,20.58,GB,2021-12-12 19:55:00
256,Waingapu,-9.6567,120.2641,79.88,83,100,1.92,ID,2021-12-12 19:55:01
257,Kieta,-6.2167,155.6333,81.09,83,98,2.3,PG,2021-12-12 19:55:01
258,Kalmunai,7.4167,81.8167,77.31,89,100,7.31,LK,2021-12-12 19:55:02
259,Provideniya,64.3833,-173.3,-8.64,70,51,8.95,RU,2021-12-12 19:55:02
260,Mikhaylovka,50.06,43.2379,22.78,63,79,12.01,RU,2021-12-12 19:55:02
261,Zweibrucken,49.25,7.3667,42.57,80,75,6.91,DE,2021-12-12 19:55:03
262,Santa Rosa,14.3122,121.1114,78.78,82,98,14.61,PH,2021-12-12 19:55:03
263,Payakumbuh,-0.2202,100.6308,70.34,100,100,1.63,ID,2021-12-12 19:55:03
264,Santa Cruz Del Norte,23.1539,-81.9236,84.72,73,69,17.56,CU,2021-12-12 19:55:04
265,Macamic,48.7502,-78.9996,34.03,82,100,13.18,CA,2021-12-12 19:55:04
266,Ouesso,1.6136,16.0517,75.2,82,98,3.44,CG,2021-12-12 19:55:05
267,Lima,-12.0432,-77.0282,71.85,68,0,14.97,PE,2021-12-12 19:55:05
268,Westport,41.1415,-73.3579,49.41,34,1,1.01,US,2021-12-12 19:50:34
269,Mpika,-11.8343,31.4529,71.28,47,60,7.92,ZM,2021-12-12 19:55:06
270,Vanavara,60.34,102.2797,-35.84,99,31,3.44,RU,2021-12-12 19:55:06
271,Hasaki,35.7333,140.8333,45.0,58,13,15.95,JP,2021-12-12 19:55:07
272,Davila,18.4726,120.5763,75.78,76,76,23.51,PH,2021-12-12 19:55:07
273,Smithers,54.7804,-127.1743,10.72,92,20,4.61,CA,2021-12-12 19:50:37
274,Victoria,22.2855,114.1577,66.38,66,53,1.99,HK,2021-12-12 19:55:08
275,Coihaique,-45.5752,-72.0662,59.61,47,75,9.22,CL,2021-12-12 19:52:55
276,Raton,36.9034,-104.4391,61.57,17,100,15.01,US,2021-12-12 19:55:08
277,Sept-Iles,50.2001,-66.3821,31.05,71,75,17.0,CA,2021-12-12 19:54:55
278,Noyabrsk,63.1994,75.4507,-13.74,99,86,5.48,RU,2021-12-12 19:56:09
279,Sal Rei,16.1833,-22.9167,75.4,78,75,13.8,CV,2021-12-12 19:56:09
280,Bereda,43.2686,-7.5406,48.58,100,86,1.41,ES,2021-12-12 19:56:09
281,Cootamundra,-34.65,148.0333,55.94,74,0,4.12,AU,2021-12-12 19:56:10
282,Whitianga,-36.8333,175.7,68.32,95,100,5.3,NZ,2021-12-12 19:56:10
283,Jagodina,43.9814,21.2622,34.86,99,100,2.82,RS,2021-12-12 19:56:10
284,Central Point,42.376,-122.9164,43.65,88,100,1.99,US,2021-12-12 19:56:11
285,Kaitong,44.8135,123.15,3.33,84,14,7.54,CN,2021-12-12 19:56:11
286,Bad Wurzach,47.9,9.9,36.95,85,100,1.99,DE,2021-12-12 19:56:12
287,Lunglei,22.8833,92.7333,50.38,74,0,3.13,IN,2021-12-12 19:56:12
288,Qaqortoq,60.7167,-46.0333,11.25,85,10,6.69,GL,2021-12-12 19:56:12
289,Humberto De Campos,-2.5983,-43.4611,84.85,63,35,10.18,BR,2021-12-12 19:56:13
290,Lavrentiya,65.5833,-171.0,-13.83,85,2,3.76,RU,2021-12-12 19:56:13
291,Isangel,-19.55,169.2667,80.71,89,90,0.0,VU,2021-12-12 19:56:13
292,Airai,-8.9266,125.4092,61.12,90,100,1.61,TL,2021-12-12 19:56:14
293,Lagoa,39.05,-27.9833,57.76,51,100,25.48,PT,2021-12-12 19:56:14
294,Linxia,35.6003,103.2064,24.03,71,0,0.89,CN,2021-12-12 19:56:14
295,Jacqueville,5.2052,-4.4146,84.11,83,86,10.78,CI,2021-12-12 19:56:15
296,Nome,64.5011,-165.4064,-16.89,79,5,5.75,US,2021-12-12 19:56:15
297,Eydhafushi,5.1033,73.0708,81.91,76,100,11.9,MV,2021-12-12 19:56:15
298,Umm Lajj,25.0213,37.2685,77.02,45,100,1.9,SA,2021-12-12 19:56:16
299,Ambunti,-4.2365,142.8448,74.26,99,100,0.65,PG,2021-12-12 19:56:16
300,Chik,54.9928,82.4311,0.18,84,75,6.71,RU,2021-12-12 19:56:16
301,Alice Springs,-23.7,133.8833,71.15,28,20,10.36,AU,2021-12-12 19:56:00
302,Rumoi,43.9344,141.6428,29.01,76,92,26.15,JP,2021-12-12 19:56:17
303,Burnie,-41.0667,145.9167,57.92,76,100,10.58,AU,2021-12-12 19:56:17
304,Tuatapere,-46.1333,167.6833,57.81,65,70,2.26,NZ,2021-12-12 19:56:18
305,Port Hedland,-20.3167,118.5667,84.25,79,75,10.36,AU,2021-12-12 19:56:18
306,Itarema,-2.9248,-39.9167,83.59,67,18,18.03,BR,2021-12-12 19:56:19
307,Matara,5.9485,80.5353,76.77,85,97,7.81,LK,2021-12-12 19:52:50
308,Severo-Yeniseyskiy,60.3725,93.0408,-14.91,100,100,2.48,RU,2021-12-12 19:56:19
309,Bardiyah,31.7561,25.0865,61.32,37,55,7.58,LY,2021-12-12 19:56:19
310,Faanui,-16.4833,-151.75,80.58,72,97,8.5,PF,2021-12-12 19:56:20
311,Marsh Harbour,26.5412,-77.0636,77.11,75,7,9.62,BS,2021-12-12 19:56:20
312,Puerto Leguizamo,-0.1934,-74.7819,92.97,36,61,6.96,CO,2021-12-12 19:56:21
313,Amapa,1.0,-52.0,79.99,86,86,3.71,BR,2021-12-12 19:56:21
314,Hastings,50.8552,0.5729,53.53,85,92,17.65,GB,2021-12-12 19:56:22
315,Padampur,29.6833,73.6167,57.45,24,0,4.65,IN,2021-12-12 19:56:22
316,Aden,12.7794,45.0367,78.78,64,0,15.05,YE,2021-12-12 19:56:22
317,Bambanglipuro,-7.95,110.2833,61.61,86,93,3.11,ID,2021-12-12 19:56:23
318,Labuhan,-6.8844,112.2051,78.04,88,97,9.24,ID,2021-12-12 19:56:23
319,Priyutnoye,46.1011,43.5072,30.94,64,97,17.78,RU,2021-12-12 19:56:23
320,Longyearbyen,78.2186,15.6401,27.34,95,99,8.59,SJ,2021-12-12 19:56:24
321,Codrington,-38.2667,141.9667,66.83,41,91,9.71,AU,2021-12-12 19:56:24
322,San Patricio,28.017,-97.5169,66.29,30,0,5.68,US,2021-12-12 19:56:24
323,Tongren,27.7172,109.1853,47.39,82,100,3.38,CN,2021-12-12 19:56:25
324,Tual,-5.6667,132.75,84.78,71,92,11.59,ID,2021-12-12 19:57:25
325,Hvide Sande,56.0045,8.1294,45.18,90,93,7.72,DK,2021-12-12 19:57:26
326,Santa Ana,33.7456,-117.8678,69.03,51,20,1.01,US,2021-12-12 19:57:26
327,San Cristobal,7.7669,-72.225,78.98,45,61,4.83,VE,2021-12-12 19:57:26
328,Minab,27.1467,57.0801,54.9,28,0,8.32,IR,2021-12-12 19:57:26
329,Porto Novo,6.4965,2.6036,85.82,79,24,7.94,BJ,2021-12-12 19:57:27
330,Lata,40.1629,-8.3327,57.61,78,18,3.96,PT,2021-12-12 19:57:27
331,Darhan,49.4867,105.9228,3.42,90,11,2.15,MN,2021-12-12 19:57:27
332,Aklavik,68.2191,-135.0107,-1.37,90,100,22.21,CA,2021-12-12 19:57:28
333,Lindas,60.7381,5.16,43.5,84,100,9.1,NO,2021-12-12 19:57:28
334,Sunrise Manor,36.2111,-115.0731,55.18,23,1,0.0,US,2021-12-12 19:54:46
335,Vila Velha,-20.3297,-40.2925,84.15,84,0,11.99,BR,2021-12-12 19:57:29
336,Khani,41.9563,42.9566,44.17,44,59,7.74,GE,2021-12-12 19:57:29
337,Cahabon,15.5667,-89.8167,70.9,90,59,2.66,GT,2021-12-12 19:57:29
338,Geraldton,-28.7667,114.6,59.41,77,91,8.05,AU,2021-12-12 19:57:30
339,Yulara,-25.2406,130.9889,69.64,88,75,11.5,AU,2021-12-12 19:57:30
340,Ishigaki,24.3448,124.1572,70.66,78,100,30.6,JP,2021-12-12 19:57:31
341,Port Hardy,50.6996,-127.4199,41.76,100,90,10.36,CA,2021-12-12 19:57:31
342,Richards Bay,-28.783,32.0377,74.1,74,100,12.03,ZA,2021-12-12 19:57:31
343,Agua Verde,22.9,-106.05,80.13,68,25,5.95,MX,2021-12-12 19:57:32
344,Salalah,17.0151,54.0924,72.18,47,0,8.75,OM,2021-12-12 19:57:32
345,Hambantota,6.1241,81.1185,79.03,79,100,14.56,LK,2021-12-12 19:57:32
346,Hanna,51.6334,-111.9018,30.22,78,66,1.01,CA,2021-12-12 19:57:33
347,Kihei,20.785,-156.4656,78.06,85,44,7.67,US,2021-12-12 19:57:33
348,Paraiso,9.8383,-83.8656,76.06,58,19,6.33,CR,2021-12-12 19:57:33
349,Henties Bay,-22.116,14.2845,62.85,86,0,6.06,NA,2021-12-12 19:57:34
350,Alyangula,-13.8483,136.4192,71.47,100,99,1.14,AU,2021-12-12 19:57:34
351,Lipari,38.4674,14.954,55.78,60,24,13.06,IT,2021-12-12 19:57:35
352,Bagli,22.65,76.35,59.22,62,0,4.85,IN,2021-12-12 19:57:35
353,Pahrump,36.2083,-115.9839,52.05,20,0,1.01,US,2021-12-12 19:57:35
354,Bilma,18.6853,12.9164,68.13,11,19,8.9,NE,2021-12-12 19:57:36
355,Puerto Madryn,-42.7692,-65.0385,71.65,27,36,38.23,AR,2021-12-12 19:53:35
356,Gamboma,-1.8764,15.8644,71.76,95,100,0.56,CG,2021-12-12 19:57:36
357,Jumla,29.2747,82.1838,37.51,39,73,5.55,NP,2021-12-12 19:57:36
358,Cabedelo,-6.9811,-34.8339,86.67,72,5,12.73,BR,2021-12-12 19:57:37
359,Caucaia,-3.7361,-38.6531,84.15,73,20,12.66,BR,2021-12-12 19:57:37
360,Berdigestyakh,62.0989,126.6992,-12.35,98,100,5.26,RU,2021-12-12 19:57:37
361,Hellin,38.5106,-1.701,50.14,80,0,4.68,ES,2021-12-12 19:57:38
362,Avallon,47.4833,3.9,43.23,93,100,2.06,FR,2021-12-12 19:57:38
363,Hofn,64.2539,-15.2082,40.82,84,100,3.89,IS,2021-12-12 19:57:38
364,Saint-Denis,48.9167,2.3333,51.15,96,90,1.01,FR,2021-12-12 19:57:39
365,Hay River,60.8156,-115.7999,-2.22,71,40,11.5,CA,2021-12-12 19:57:39
366,Raga,8.4596,25.678,78.55,28,47,2.44,SS,2021-12-12 19:57:40
367,Shizunai,42.3339,142.3669,31.68,62,100,33.55,JP,2021-12-12 19:57:40
368,Touros,-5.1989,-35.4608,86.9,70,10,14.63,BR,2021-12-12 19:57:20
369,Aykhal,66.0,111.5,-43.89,100,100,6.62,RU,2021-12-12 19:57:40
370,Girvan,55.2426,-4.8555,54.32,88,99,28.99,GB,2021-12-12 19:57:41
371,Maniwaki,46.3834,-75.966,41.38,48,34,17.27,CA,2021-12-12 19:57:41
372,Margate,51.3813,1.3862,52.97,88,100,1.99,GB,2021-12-12 19:58:42
373,Biryusinsk,55.9634,97.8235,13.57,94,100,6.93,RU,2021-12-12 19:58:42
374,Saint-Leu,-21.15,55.2833,77.86,76,63,6.82,RE,2021-12-12 19:58:42
375,Severobaykalsk,55.65,109.3167,14.59,82,61,4.79,RU,2021-12-12 19:58:43
376,Dosso,13.049,3.1937,78.84,14,96,7.9,NE,2021-12-12 19:58:43
377,Atar,20.5169,-13.0499,75.63,13,80,8.52,MR,2021-12-12 19:58:43
378,Zaysan,47.4667,84.8667,13.28,89,100,2.04,KZ,2021-12-12 19:57:01
379,Joshimath,30.5667,79.5667,42.6,38,100,6.51,IN,2021-12-12 19:58:44
380,Paravur,8.7833,76.7,78.82,76,91,10.36,IN,2021-12-12 19:58:44
381,Bahia Blanca,-38.7196,-62.2724,81.05,19,39,17.65,AR,2021-12-12 19:58:23
382,Soe,-9.8607,124.284,66.94,91,92,2.48,ID,2021-12-12 19:58:45
383,Guane,22.2025,-84.0875,86.41,49,7,8.66,CU,2021-12-12 19:58:45
384,Honningsvag,70.9821,25.9704,29.95,100,90,10.36,NO,2021-12-12 19:58:46
385,Oktyabrskoye,43.0645,44.7417,28.54,100,27,6.71,RU,2021-12-12 19:58:46
386,Salinopolis,-0.6136,-47.3561,83.82,73,60,12.53,BR,2021-12-12 19:58:46
387,Sault Sainte Marie,46.5168,-84.3333,39.02,75,75,14.97,CA,2021-12-12 19:58:21
388,Madang,-5.2246,145.7966,76.01,93,100,3.65,PG,2021-12-12 19:58:47
389,Flinders,-34.5833,150.8552,62.8,89,33,4.85,AU,2021-12-12 19:58:47
390,Winnemucca,40.973,-117.7357,45.1,41,100,10.42,US,2021-12-12 19:58:47
391,Dzaoudzi,-12.7887,45.2699,80.49,78,0,4.61,YT,2021-12-12 19:58:48
392,Sambava,-14.2667,50.1667,75.65,85,90,8.68,MG,2021-12-12 19:58:48
393,Bandar,2.05,99.75,72.88,98,100,1.99,ID,2021-12-12 19:58:48
394,Scarborough,54.2797,-0.4044,54.09,90,92,7.0,GB,2021-12-12 19:58:49
395,Itaituba,-4.2761,-55.9836,89.76,62,40,5.75,BR,2021-12-12 19:58:49
396,Killybegs,54.6333,-8.45,53.46,76,100,38.59,IE,2021-12-12 19:58:49
397,Monrovia,6.3005,-10.7969,80.37,81,10,8.16,LR,2021-12-12 19:58:50
398,Bathsheba,13.2167,-59.5167,81.21,89,75,16.11,BB,2021-12-12 19:58:50
399,Pochutla,15.7432,-96.4661,88.83,51,0,8.88,MX,2021-12-12 19:58:51
400,San Luis,-33.295,-66.3356,68.38,69,70,15.79,AR,2021-12-12 19:55:05
401,Kharp,66.8014,65.8081,0.28,98,26,5.75,RU,2021-12-12 19:58:51
402,Mackenzie,55.2999,-123.1698,19.62,93,90,3.44,CA,2021-12-12 19:58:52
403,Meiktila,20.8667,95.8667,65.95,78,1,5.59,MM,2021-12-12 19:58:52
404,Hobyo,5.3505,48.5268,78.69,81,65,20.38,SO,2021-12-12 19:58:52
405,Beringovskiy,63.05,179.3167,-19.97,92,100,11.43,RU,2021-12-12 19:57:57
406,Vaitape,-16.5167,-151.75,80.62,72,100,8.55,PF,2021-12-12 19:58:53
407,Guerrero Negro,27.9769,-114.0611,68.23,43,64,8.43,MX,2021-12-12 19:58:53
408,Solwezi,-12.1688,26.3894,69.64,53,93,3.69,ZM,2021-12-12 19:58:54
409,Byron Bay,-28.65,153.6167,71.06,83,95,8.03,AU,2021-12-12 19:58:54
410,Marawi,7.9986,124.2928,67.64,95,99,2.3,PH,2021-12-12 19:58:55
411,Motygino,58.1831,94.7592,-2.33,100,98,1.52,RU,2021-12-12 19:58:55
412,Adrar,20.5022,-10.0711,71.17,14,48,10.96,MR,2021-12-12 19:58:55
413,Roald,62.5833,6.1333,45.34,70,40,9.22,NO,2021-12-12 19:53:59
414,Rabat,33.9911,-6.8401,61.03,97,0,3.44,MA,2021-12-12 19:58:40
415,Egvekinot,66.3167,-179.1667,-24.65,86,1,5.97,RU,2021-12-12 19:58:56
416,Lompoc,34.6391,-120.4579,67.01,58,0,1.01,US,2021-12-12 19:58:56
417,Yumen,40.2833,97.2,19.9,38,0,12.66,CN,2021-12-12 19:59:57
418,Kudahuvadhoo,2.6708,72.8944,81.32,74,100,9.8,MV,2021-12-12 19:59:57
419,Bollnas,61.3482,16.3946,26.38,92,100,5.61,SE,2021-12-12 19:59:57
420,Olean,42.0776,-78.4297,43.66,48,1,8.05,US,2021-12-12 19:59:58
421,Dingle,10.9995,122.6711,75.49,92,100,7.7,PH,2021-12-12 19:59:58
422,Coquimbo,-29.9533,-71.3436,67.73,59,20,16.11,CL,2021-12-12 19:59:58
423,Olafsvik,64.8945,-23.7142,42.35,88,100,22.44,IS,2021-12-12 19:59:59
424,Meulaboh,4.1363,96.1285,75.9,91,82,4.36,ID,2021-12-12 19:59:59
425,Laguna,38.421,-121.4238,53.2,81,90,1.01,US,2021-12-12 20:00:00
426,Kijang,35.2442,129.2139,31.73,32,0,5.03,KR,2021-12-12 20:00:00
427,Selikhino,50.3672,137.4996,15.28,91,100,10.38,RU,2021-12-12 20:00:01
428,San Carlos De Bariloche,-41.1456,-71.3082,46.44,75,100,15.75,AR,2021-12-12 20:00:01
429,Taldan,53.6667,124.8,-4.11,77,100,0.31,RU,2021-12-12 20:00:01
430,Hamilton,39.1834,-84.5333,49.91,45,0,5.01,US,2021-12-12 20:00:02
431,La Rioja,42.25,-2.5,42.04,58,17,6.08,ES,2021-12-12 20:00:03
432,Ponta Delgada,37.7333,-25.6667,57.92,62,20,13.8,PT,2021-12-12 20:00:04
433,Assomada,15.1,-23.6833,70.07,72,88,9.71,CV,2021-12-12 20:00:05
434,Campbeltown,55.4258,-5.6076,53.65,91,100,30.69,GB,2021-12-12 20:00:06
435,Rawson,-43.3002,-65.1023,71.29,26,85,27.34,AR,2021-12-12 19:59:06
436,Salento,4.6375,-75.5703,61.09,98,99,3.42,CO,2021-12-12 20:00:07
437,Tateyama,34.9833,139.8667,58.93,55,40,9.22,JP,2021-12-12 20:00:08
438,Seymchan,62.8833,152.4333,-14.96,98,100,6.46,RU,2021-12-12 20:00:09
439,Plyussa,58.4308,29.3654,30.51,99,100,2.91,RU,2021-12-12 20:00:09
440,Bismarck,46.8083,-100.7837,43.88,61,40,9.22,US,2021-12-12 19:58:13
441,Cap Malheureux,-19.9842,57.6142,77.47,67,100,17.74,MU,2021-12-12 20:00:10
442,Emerald,-23.5333,148.1667,75.97,55,0,8.59,AU,2021-12-12 20:00:11
443,Half Moon Bay,37.4636,-122.4286,56.25,83,90,4.0,US,2021-12-12 20:00:02
444,Griffith,41.5284,-87.4237,50.09,50,1,3.0,US,2021-12-12 20:00:12
445,San Jeronimo,-11.9472,-75.2829,68.63,37,26,4.85,PE,2021-12-12 20:00:12
446,Chute-Aux-Outardes,49.1168,-68.399,28.74,68,28,22.12,CA,2021-12-12 20:00:13
447,Magadan,59.5667,150.8,14.65,95,100,10.27,RU,2021-12-12 20:00:13
448,Sarkand,45.41,79.9186,33.35,95,100,2.46,KZ,2021-12-12 20:00:14
449,Lichinga,-13.3128,35.2406,67.77,46,3,4.88,MZ,2021-12-12 20:00:14
450,Mareeba,-17.0,145.4333,75.92,95,62,2.19,AU,2021-12-12 20:00:14
451,Port Maria,18.3685,-76.8895,86.97,82,24,10.45,JM,2021-12-12 20:00:15
452,Oga,46.4631,10.347,23.54,86,66,5.55,IT,2021-12-12 20:00:15
453,Caranavi,-15.8167,-67.55,79.07,68,99,3.98,BO,2021-12-12 20:00:16
454,Saint Charles,38.7667,-90.7335,55.35,29,5,5.99,US,2021-12-12 20:00:16
455,Naze,28.3667,129.4833,61.86,69,62,15.5,JP,2021-12-12 19:57:37
456,Belaya Gora,68.5333,146.4167,-50.6,100,68,1.1,RU,2021-12-12 20:00:17
457,Aldergrove,49.058,-122.4709,40.8,86,100,1.01,CA,2021-12-12 20:00:18
458,Qostanay,53.1667,63.5833,5.83,91,54,5.99,KZ,2021-12-12 20:00:18
459,Ystad,55.4297,13.8204,37.98,93,100,8.12,SE,2021-12-12 20:00:19
460,Kirovohrad,48.5132,32.2597,40.75,72,100,11.83,UA,2021-12-12 20:00:19
461,Bone,51.9669,12.1396,40.82,97,100,6.55,DE,2021-12-12 20:00:19
462,Rabo De Peixe,37.8,-25.5833,56.71,94,20,13.8,PT,2021-12-12 20:01:20
463,Timmins,48.4669,-81.3331,31.82,74,75,11.5,CA,2021-12-12 19:56:25
464,Noumea,-22.2763,166.4572,82.99,99,100,3.83,NC,2021-12-12 19:59:37
465,Inhambane,-23.865,35.3833,79.65,90,2,10.4,MZ,2021-12-12 20:01:20
466,Nalut,30.3333,10.85,47.19,47,1,7.38,LY,2021-12-12 20:01:21
467,Takoradi,4.8845,-1.7554,81.0,83,99,8.75,GH,2021-12-12 20:01:21
468,Andilamena,-17.0167,48.5833,64.6,81,100,8.79,MG,2021-12-12 20:01:21
469,Pervomaysk,48.0443,30.8507,42.31,74,100,11.97,UA,2021-12-12 20:01:22
470,Trimbak,19.9333,73.55,64.42,59,3,4.85,IN,2021-12-12 20:01:22
471,Montepuez,-13.1256,38.9997,72.57,79,64,7.45,MZ,2021-12-12 20:01:22
472,Quatre Cocos,-20.2078,57.7625,77.09,68,100,13.76,MU,2021-12-12 20:01:23
473,Haines Junction,60.7522,-137.5108,-12.33,96,98,2.42,CA,2021-12-12 20:01:23
474,Necochea,-38.5473,-58.7368,72.03,49,100,16.35,AR,2021-12-12 20:01:23
475,Banda Aceh,5.5577,95.3222,78.04,84,17,11.07,ID,2021-12-12 20:01:24
476,Ugoofaaru,5.6667,73.0,82.11,76,99,11.72,MV,2021-12-12 20:01:24
477,Shakawe,-18.3667,21.85,70.99,73,100,4.97,BW,2021-12-12 20:01:24
478,Skeldon,5.8833,-57.1333,76.17,94,100,7.52,GY,2021-12-12 20:01:25
479,Bibiani,6.4635,-2.3194,80.74,59,87,3.13,GH,2021-12-12 20:01:25
480,La Plata,-34.9215,-57.9545,72.0,76,100,12.1,AR,2021-12-12 20:00:07
481,Havelock,34.8791,-76.9013,58.05,54,0,3.0,US,2021-12-12 20:01:23
482,Sokol,59.4617,40.1206,19.99,95,100,7.34,RU,2021-12-12 20:01:26
483,Snasa,64.2457,12.3778,33.21,97,100,3.71,NO,2021-12-12 20:01:26
484,Ullal,12.8,74.85,77.94,70,100,10.92,IN,2021-12-12 20:01:27
485,Samarai,-10.6167,150.6667,81.84,81,100,11.81,PG,2021-12-12 20:01:27
486,Bowen,-20.0167,148.2333,77.38,77,9,11.07,AU,2021-12-12 20:01:27
487,Dobele,56.625,23.2786,27.95,98,60,4.12,LV,2021-12-12 20:01:28
488,Black River,18.0264,-77.8487,84.97,63,53,6.31,JM,2021-12-12 20:01:28
489,Lower Burrell,40.5531,-79.7573,48.15,36,0,8.01,US,2021-12-12 20:01:29
490,Jinxiang,27.4327,120.6062,54.36,75,100,13.47,CN,2021-12-12 20:01:29
491,Elgin,42.0373,-88.2812,49.33,47,1,11.99,US,2021-12-12 20:01:30
492,Novyy Urengoy,66.0833,76.6333,-23.31,96,24,7.58,RU,2021-12-12 20:01:30
493,Xinan,26.72,119.8556,55.76,81,100,8.68,CN,2021-12-12 20:01:30
494,Marystown,47.1666,-55.1483,44.85,100,100,10.0,CA,2021-12-12 20:01:31
495,Lac Du Bonnet,50.2536,-96.0612,33.62,89,100,4.05,CA,2021-12-12 20:01:31
496,Reconquista,-29.15,-59.65,97.21,29,28,7.31,AR,2021-12-12 20:01:31
497,Hirschaid,49.8194,10.9908,40.08,89,100,5.17,DE,2021-12-12 20:01:32
498,Nochistlan,21.3667,-102.85,72.77,26,72,3.4,MX,2021-12-12 20:01:32
499,Oistins,13.0667,-59.5333,80.11,78,100,18.41,BB,2021-12-12 20:01:33
500,Beloha,-25.1667,45.05,73.27,84,75,9.89,MG,2021-12-12 20:01:33
501,Fairbanks,64.8378,-147.7164,-10.79,69,75,3.44,US,2021-12-12 20:00:04
502,Ormara,25.2088,64.6357,71.55,43,100,3.65,PK,2021-12-12 20:01:33
503,Roma,43.2128,-75.4557,45.9,48,1,1.01,US,2021-12-12 20:01:34
504,Sulangan,11.1373,123.7228,80.15,86,88,16.55,PH,2021-12-12 20:01:34
505,Ust-Kuyga,70.0167,135.6,-36.51,100,100,2.91,RU,2021-12-12 20:01:34
506,Wanning,18.8003,110.3967,67.82,82,6,10.83,CN,2021-12-12 20:01:35
507,De-Kastri,51.4667,140.7833,20.68,89,92,15.48,RU,2021-12-12 20:02:35
508,Bulawayo,-20.15,28.5833,75.81,35,65,9.53,ZW,2021-12-12 20:02:36
509,Goya,-29.14,-59.2626,97.83,27,27,7.05,AR,2021-12-12 20:01:00
510,Khasan,42.4308,130.6434,18.79,51,0,22.46,RU,2021-12-12 20:02:36
511,Olinda,-8.0089,-34.8553,83.93,61,20,8.05,BR,2021-12-12 20:02:36
512,Marquette,46.5333,-87.6335,42.67,51,35,15.66,US,2021-12-12 20:02:37
513,Fort Nelson,58.8053,-122.7002,-0.4,93,100,2.84,CA,2021-12-12 20:02:37
514,Maroantsetra,-15.4333,49.7333,73.99,86,100,2.51,MG,2021-12-12 20:02:37
515,Lehliu,44.4667,26.8167,43.48,75,99,14.0,RO,2021-12-12 20:02:38
516,Newcastleton,55.1796,-2.8127,54.73,86,100,17.16,GB,2021-12-12 20:02:38
517,Narva-Joesuu,59.4589,28.0408,32.77,98,100,4.41,EE,2021-12-12 20:02:39
518,Bodmin,50.4715,-4.7243,53.56,82,90,18.41,GB,2021-12-12 20:02:39
519,Kankon,15.0167,74.0167,79.54,65,93,5.3,IN,2021-12-12 20:02:39
520,Udala,43.0778,-2.5125,47.48,93,52,5.44,ES,2021-12-12 20:02:40
521,Kaoma,-14.7833,24.8,79.93,31,100,3.36,ZM,2021-12-12 20:02:40
522,Paka,4.6374,103.4368,75.43,90,76,8.21,MY,2021-12-12 20:02:40
523,Ambovombe,-25.1667,46.0833,73.6,80,30,9.26,MG,2021-12-12 20:02:41
524,Ancud,-41.8697,-73.8203,63.43,64,43,12.03,CL,2021-12-12 20:02:41
525,Tomatlan,19.9333,-105.25,89.67,47,7,7.07,MX,2021-12-12 20:02:41
526,Statesboro,32.4488,-81.7832,65.73,42,1,10.36,US,2021-12-12 20:01:29
527,Riyadh,24.6877,46.7219,57.34,27,26,6.67,SA,2021-12-12 19:59:50
528,Sovetskiy,61.3614,63.5842,12.13,84,80,7.65,RU,2021-12-12 20:02:42
529,Yaan,7.3833,8.5667,83.34,18,71,4.0,NG,2021-12-12 20:02:43
530,Ca Mau,9.1769,105.15,74.35,90,98,1.57,VN,2021-12-12 20:02:43
531,Te Anau,-45.4167,167.7167,54.52,74,70,0.34,NZ,2021-12-12 20:02:43
532,Rosetta,31.4044,30.4164,65.64,65,100,7.56,EG,2021-12-12 20:02:44
533,Martapura,-3.4167,114.85,77.09,94,90,2.3,ID,2021-12-12 20:02:44
534,Tezu,27.9167,96.1667,59.72,55,64,3.62,IN,2021-12-12 20:02:44
535,Verkhnevilyuysk,63.4453,120.3167,-25.33,98,100,5.88,RU,2021-12-12 20:02:45
536,Kristiansund,63.1115,7.732,39.85,87,75,2.3,NO,2021-12-12 20:02:45
537,Broken Hill,-31.95,141.4333,65.91,26,4,9.22,AU,2021-12-12 19:58:00
538,Norrkoping,58.5942,16.1826,32.43,93,90,4.61,SE,2021-12-12 20:00:32
539,Ust-Tsilma,65.441,52.1498,14.67,96,100,3.89,RU,2021-12-12 20:02:46
540,Madaba,31.5833,35.6667,62.71,32,100,8.57,JO,2021-12-12 20:02:46
541,Grand Gaube,-20.0064,57.6608,77.38,67,100,17.67,MU,2021-12-12 20:02:46
542,Horodyshche,49.2849,31.4451,39.76,82,100,8.84,UA,2021-12-12 20:02:47
543,Marrakesh,31.6315,-8.0083,62.67,34,0,2.3,MA,2021-12-12 19:57:48
544,Mpulungu,-8.7623,31.1141,75.0,72,61,6.51,ZM,2021-12-12 20:02:47
545,Williamsport,41.2412,-77.0011,47.52,61,0,1.99,US,2021-12-12 20:00:39
546,Osa,57.2829,55.4567,3.15,94,100,3.04,RU,2021-12-12 20:02:48
547,Lockhart,28.6194,-81.4426,87.19,61,1,1.01,US,2021-12-12 20:02:48
548,Shenjiamen,29.9576,122.298,50.81,63,99,18.77,CN,2021-12-12 20:02:48
549,Cabra,37.4725,-4.4421,55.9,74,5,4.18,ES,2021-12-12 20:02:49
550,Edd,13.9297,41.6925,81.14,53,0,21.23,ER,2021-12-12 20:02:49
551,Bolgatanga,10.7856,-0.8514,83.57,18,66,6.91,GH,2021-12-12 20:02:49
552,Front Royal,38.9182,-78.1944,52.34,26,1,6.91,US,2021-12-12 20:03:44
553,Tefe,-3.3542,-64.7114,84.83,72,88,4.88,BR,2021-12-12 20:00:14
554,Eston,51.1501,-108.7514,29.91,70,43,15.37,CA,2021-12-12 20:03:50
555,Rocha,-34.4833,-54.3333,77.85,56,51,14.0,UY,2021-12-12 20:01:26
556,Iberia,29.9502,-91.7507,63.99,42,1,10.36,US,2021-12-12 20:03:51
557,Ulladulla,-35.35,150.4667,57.87,80,4,3.02,AU,2021-12-12 20:00:29
