City_ID,City,Lat,Lng,Max Temp,Humidity,Cloudiness,Wind Speed,Country,Date,Current Condition
0,Dalbandin,28.8947,64.4101,47.01,30,0,4.54,PK,12/13/2021 1:25,clear sky
1,Iqaluit,63.7506,-68.5145,2.93,65,75,3,CA,12/13/2021 1:25,broken clouds
2,Bengkulu,-3.8004,102.2655,78.73,78,79,2.8,ID,12/13/2021 1:25,broken clouds
3,Belomorsk,64.5232,34.7668,20.37,96,100,5.21,RU,12/13/2021 1:25,overcast clouds
4,Tiksi,71.6872,128.8694,-18.17,99,100,2.26,RU,12/13/2021 1:19,overcast clouds
5,Mataura,-46.1927,168.8643,63.48,33,12,4.45,NZ,12/13/2021 1:25,few clouds
6,Cidreira,-30.1811,-50.2056,71.55,91,1,13.87,BR,12/13/2021 1:25,clear sky
7,Yumen,40.2833,97.2,18.73,38,0,18.21,CN,12/13/2021 1:25,clear sky
8,Rikitea,-23.1203,-134.9692,77.92,75,65,7.58,PF,12/13/2021 1:25,broken clouds
9,Busselton,-33.65,115.3333,65.05,45,100,5.61,AU,12/13/2021 1:25,overcast clouds
10,Hilo,19.7297,-155.09,80.33,44,75,9.22,US,12/13/2021 1:23,broken clouds
11,Hualmay,-11.0964,-77.6139,68,85,74,8.23,PE,12/13/2021 1:17,broken clouds
12,Port Alfred,-33.5906,26.891,71.69,95,100,12.35,ZA,12/13/2021 1:25,overcast clouds
13,Severo-Kurilsk,50.6789,156.125,34.05,82,38,7.47,RU,12/13/2021 1:25,scattered clouds
14,Khandyga,62.6667,135.6,-41.82,100,86,1.16,RU,12/13/2021 1:25,overcast clouds
15,Roma,43.2128,-75.4557,42.84,58,0,1.01,US,12/13/2021 1:21,clear sky
16,Atuona,-9.8,-139.0333,79.09,79,100,17.9,PF,12/13/2021 1:25,overcast clouds
17,Aksha,50.2814,113.2867,5.47,86,29,4.09,RU,12/13/2021 1:25,scattered clouds
18,Laguna,38.421,-121.4238,51.93,91,90,3,US,12/13/2021 1:22,moderate rain
19,Khatanga,71.9667,102.5,-49.61,99,79,4.9,RU,12/13/2021 1:25,broken clouds
20,Katsuura,35.1333,140.3,53.71,49,76,14.18,JP,12/13/2021 1:25,broken clouds
21,Port Lincoln,-34.7333,135.8667,64.2,57,100,13.15,AU,12/13/2021 1:25,overcast clouds
22,Yellowknife,62.456,-114.3525,7.32,85,90,8.05,CA,12/13/2021 1:25,light snow
23,Saint Anthony,45.0205,-93.218,33.82,72,1,1.01,US,12/13/2021 1:25,clear sky
24,Mar Del Plata,-38.0023,-57.5575,64.42,82,0,7,AR,12/13/2021 1:25,clear sky
25,Sagua La Grande,22.8067,-80.0756,74.39,84,1,9.26,CU,12/13/2021 1:25,clear sky
26,Barrow,71.2906,-156.7887,-14.78,76,1,13.8,US,12/13/2021 1:25,clear sky
27,Bethel,41.3712,-73.414,42.82,55,1,1.01,US,12/13/2021 1:18,clear sky
28,Stornoway,58.2093,-6.3865,42.93,86,90,15.01,GB,12/13/2021 1:25,overcast clouds
29,Karratha,-20.7377,116.8463,96.85,18,0,6.46,AU,12/13/2021 1:20,clear sky
30,Poya,-21.35,165.15,76.3,93,100,2.73,NC,12/13/2021 1:25,moderate rain
31,Praia Da Vitoria,38.7333,-27.0667,55.65,76,40,19.66,PT,12/13/2021 1:25,scattered clouds
32,Jamestown,42.097,-79.2353,40.59,54,1,10,US,12/13/2021 1:25,clear sky
33,Bredasdorp,-34.5322,20.0403,61.29,88,100,2.95,ZA,12/13/2021 1:25,overcast clouds
34,Hithadhoo,-0.6,73.0833,80.85,79,43,10.25,MV,12/13/2021 1:21,scattered clouds
35,Ust-Nera,64.5667,143.2,-39.68,100,99,0.51,RU,12/13/2021 1:25,overcast clouds
36,Kapaa,22.0752,-159.319,80.58,75,75,4,US,12/13/2021 1:25,light rain
37,Qaanaaq,77.484,-69.3632,-3.5,70,11,4.47,GL,12/13/2021 1:25,few clouds
38,Fayaoue,-20.65,166.5333,80.89,81,100,13.31,NC,12/13/2021 1:25,moderate rain
39,Sterling,39.0062,-77.4286,43.14,52,1,0,US,12/13/2021 1:23,clear sky
40,Georgetown,5.4112,100.3354,81.9,75,20,2.3,MY,12/13/2021 1:21,few clouds
41,El Coyote,25.7,-103.2667,68.02,37,100,5.66,MX,12/13/2021 1:25,overcast clouds
42,Beringovskiy,63.05,179.3167,-14.57,98,100,13.44,RU,12/13/2021 1:25,light snow
43,Svetlogorsk,52.6333,29.7333,36.57,91,100,3.33,BY,12/13/2021 1:25,overcast clouds
44,Saskylakh,71.9167,114.0833,-44.59,100,76,3.56,RU,12/13/2021 1:25,broken clouds
45,Eureka,40.8021,-124.1637,49.19,93,100,1.01,US,12/13/2021 1:23,overcast clouds
46,Tahe,52.3333,124.7333,3.36,92,100,1.61,CN,12/13/2021 1:25,light snow
47,Kirkuk,35.4681,44.3922,55.78,28,100,5.66,IQ,12/13/2021 1:25,overcast clouds
48,Fortuna,40.5982,-124.1573,48.65,93,1,3,US,12/13/2021 1:26,clear sky
49,Coquimbo,-29.9533,-71.3436,60.53,82,0,8.05,CL,12/13/2021 1:21,clear sky
50,Albany,42.6001,-73.9662,40.8,51,0,8.08,US,12/13/2021 1:22,clear sky
51,Lompoc,34.6391,-120.4579,56.79,83,1,5.75,US,12/13/2021 1:26,clear sky
52,Mount Pleasant,32.7941,-79.8626,51.01,77,1,3,US,12/13/2021 1:24,clear sky
53,Ushuaia,-54.8,-68.3,42.46,56,75,28.77,AR,12/13/2021 1:25,broken clouds
54,Grandview,38.8858,-94.533,47.95,39,1,1.99,US,12/13/2021 1:26,clear sky
55,Punta Arenas,-53.15,-70.9167,44.71,61,75,23.02,CL,12/13/2021 1:23,broken clouds
56,Kodiak,57.79,-152.4072,14.29,57,1,26.46,US,12/13/2021 1:27,clear sky
57,Flin Flon,54.7682,-101.865,10.29,97,100,1.9,CA,12/13/2021 1:27,overcast clouds
58,Lavrentiya,65.5833,-171,-14.66,90,48,2.33,RU,12/13/2021 1:20,scattered clouds
59,East London,-33.0153,27.9116,71.96,95,100,17.27,ZA,12/13/2021 1:26,overcast clouds
60,Bluff,-46.6,168.3333,63.81,69,20,10.94,NZ,12/13/2021 1:27,few clouds
61,Vaini,-21.2,-175.2,84.36,84,20,11.5,TO,12/13/2021 1:27,light rain
62,Butaritari,3.0707,172.7902,82.49,72,31,15.35,KI,12/13/2021 1:27,scattered clouds
63,Isangel,-19.55,169.2667,91.51,75,75,6.91,VU,12/13/2021 1:22,broken clouds
64,Blitar,-8.0983,112.1681,81,76,51,6.8,ID,12/13/2021 1:27,broken clouds
65,Quatre Cocos,-20.2078,57.7625,75.31,71,22,12.28,MU,12/13/2021 1:27,few clouds
66,Port Blair,11.6667,92.75,80.31,69,21,14.09,IN,12/13/2021 1:27,few clouds
67,Saint-Georges,12.0564,-61.7485,76.68,94,75,5.75,GD,12/13/2021 1:22,broken clouds
68,Taonan,45.3333,122.7833,13.37,72,1,13.22,CN,12/13/2021 1:27,clear sky
69,Ous,60.9058,61.5186,7.32,90,100,3.24,RU,12/13/2021 1:27,overcast clouds
70,Padang,-0.9492,100.3543,78.85,92,100,2.1,ID,12/13/2021 1:22,overcast clouds
71,Santa Cruz,-17.8,-63.1667,76.46,94,90,5.75,BO,12/13/2021 1:27,light rain
72,Pangnirtung,66.1451,-65.7125,-4.99,70,63,7.56,CA,12/13/2021 1:27,broken clouds
73,Pevek,69.7008,170.3133,-32.91,97,10,2.62,RU,12/13/2021 1:27,clear sky
74,Saint-Philippe,-21.3585,55.7679,76.59,74,39,10.85,RE,12/13/2021 1:27,scattered clouds
75,Carnarvon,-24.8667,113.6333,75.27,64,0,19.57,AU,12/13/2021 1:27,clear sky
76,Ingham,42.6,-84.3833,41.25,60,1,6.91,US,12/13/2021 1:27,clear sky
77,Sept-Iles,50.2001,-66.3821,28.06,65,20,14,CA,12/13/2021 1:27,few clouds
78,Otavi,-19.65,17.3333,68.79,70,89,1.77,NA,12/13/2021 1:27,overcast clouds
79,Ribeira Grande,38.5167,-28.7,58.24,54,100,16.35,PT,12/13/2021 1:27,overcast clouds
80,Rehoboth,-23.3167,17.0833,70.02,18,5,6.15,NA,12/13/2021 1:27,clear sky
81,Hermanus,-34.4187,19.2345,62.91,89,91,5.53,ZA,12/13/2021 1:27,overcast clouds
82,Myitkyina,25.3833,97.4,59.68,71,40,2.04,MM,12/13/2021 1:27,scattered clouds
83,Chuy,-33.6971,-53.4616,67.68,77,6,11.59,UY,12/13/2021 1:27,clear sky
84,Vardo,70.3705,31.1107,29.46,82,56,26.24,NO,12/13/2021 1:27,broken clouds
85,New Norfolk,-42.7826,147.0587,76.66,31,0,1.99,AU,12/13/2021 1:27,clear sky
86,Horta,38.5333,-28.6333,56.97,56,100,15.35,PT,12/13/2021 1:23,overcast clouds
87,Port Elizabeth,-33.918,25.5701,70.11,88,90,6.91,ZA,12/13/2021 1:27,light rain
88,Sobolevo,54.4299,31.8996,31.53,97,100,6.44,RU,12/13/2021 1:27,overcast clouds
89,Weyburn,49.6668,-103.8511,32.22,74,100,6.91,CA,12/13/2021 1:27,overcast clouds
90,Comodoro Rivadavia,-45.8667,-67.5,55.26,88,0,8.05,AR,12/13/2021 1:28,clear sky
91,Campo Gobierno,24.6536,-107.5411,73.65,78,75,5.75,MX,12/13/2021 1:28,broken clouds
92,Teguise,29.0605,-13.564,59.22,59,0,10.36,ES,12/13/2021 1:28,clear sky
93,Progreso,21.2833,-89.6667,79.11,78,34,14.03,MX,12/13/2021 1:28,scattered clouds
94,Provideniya,64.3833,-173.3,-8.64,70,0,6.71,RU,12/13/2021 1:28,clear sky
95,Ormara,25.2088,64.6357,69.58,49,7,7.18,PK,12/13/2021 1:24,clear sky
96,Mahebourg,-20.4081,57.7,75.49,78,40,5.75,MU,12/13/2021 1:28,light rain
97,Kibre Mengist,5.8833,38.9833,50.94,81,100,3.62,ET,12/13/2021 1:28,overcast clouds
98,Carroll,39.5501,-77.0164,41.4,47,0,1.01,US,12/13/2021 1:28,clear sky
99,Vossevangen,60.623,6.4229,38.53,95,100,3.6,NO,12/13/2021 1:28,overcast clouds
100,Souillac,-20.5167,57.5167,75.58,78,40,5.75,MU,12/13/2021 1:19,light rain
101,Avarua,-21.2078,-159.775,73.45,94,75,6.91,CK,12/13/2021 1:28,heavy intensity rain
102,Rock Sound,24.9,-76.2,78.66,76,2,13.62,BS,12/13/2021 1:28,clear sky
103,Rudbar,30.15,62.6,47.19,43,0,5.88,AF,12/13/2021 1:28,clear sky
104,Norman Wells,65.282,-126.8329,-2.16,78,75,13.8,CA,12/13/2021 1:28,light snow
105,Kiunga,-6.1219,141.2906,75.69,95,100,3.22,PG,12/13/2021 1:28,overcast clouds
106,Broome,42.2506,-75.833,39.65,58,1,3,US,12/13/2021 1:28,clear sky
107,Ugoofaaru,5.6667,73,82.15,76,100,16.6,MV,12/13/2021 1:28,overcast clouds
108,Nouadhibou,20.931,-17.0347,64.38,72,0,19.57,MR,12/13/2021 1:21,clear sky
109,Mackenzie,55.2999,-123.1698,10.62,92,90,0,CA,12/13/2021 1:28,light snow
110,Meulaboh,4.1363,96.1285,77.23,88,100,2.17,ID,12/13/2021 1:28,overcast clouds
111,Udachnyy,66.4167,112.4,-47.56,71,99,3.78,RU,12/13/2021 1:28,overcast clouds
112,Pauini,-7.7136,-66.9764,75.04,99,100,3.2,BR,12/13/2021 1:28,overcast clouds
113,Fairbanks,64.8378,-147.7164,-12.78,68,75,0,US,12/13/2021 1:24,light snow
114,Banda Aceh,5.5577,95.3222,79.02,81,83,12.26,ID,12/13/2021 1:28,broken clouds
115,Kholm,59.2667,32.85,30.07,98,100,6.11,RU,12/13/2021 1:28,snow
116,Terrace Bay,48.7834,-87.1,37.02,87,91,11.92,CA,12/13/2021 1:28,overcast clouds
117,Mount Gambier,-37.8333,140.7667,64.31,72,90,14.97,AU,12/13/2021 1:28,light rain
118,Zambezi,-13.5432,23.1047,66.74,83,64,3.13,ZM,12/13/2021 1:28,light rain
119,Baruun-Urt,46.6806,113.2792,13.41,61,4,19.57,MN,12/13/2021 1:28,clear sky
120,Dieppe,49.75,1.1667,49.19,80,100,7.34,FR,12/13/2021 1:28,overcast clouds
121,Cape Town,-33.9258,18.4232,64.81,79,0,3,ZA,12/13/2021 1:28,clear sky
122,Ganzhou,28.8184,115.4327,51.42,64,99,5.7,CN,12/13/2021 1:28,overcast clouds
123,Javanrud,34.7961,46.5172,41.72,25,100,3.65,IR,12/13/2021 1:28,overcast clouds
124,Cayenne,4.9333,-52.3333,76.08,91,75,0,GF,12/13/2021 1:28,broken clouds
125,Victoria,22.2855,114.1577,67.24,71,5,1.01,HK,12/13/2021 1:27,clear sky
126,Huarmey,-10.0681,-78.1522,68.43,83,92,7.23,PE,12/13/2021 1:28,overcast clouds
127,Bronnoysund,65.4625,12.1997,41,87,75,14.97,NO,12/13/2021 1:28,broken clouds
128,Qianguo,45.1171,124.8568,11.01,76,14,12.82,CN,12/13/2021 1:28,few clouds
129,Mount Isa,-20.7333,139.5,100.17,9,5,8.05,AU,12/13/2021 1:28,clear sky
130,Anju,39.6178,125.6647,22.95,33,0,4.99,KP,12/13/2021 1:28,clear sky
131,Opuwo,-18.0607,13.84,72.32,65,89,8.52,NA,12/13/2021 1:22,light rain
132,Baie-Comeau,49.2168,-68.1489,33.8,74,75,6.91,CA,12/13/2021 1:28,broken clouds
133,Cockburn Town,21.4612,-71.1419,78.76,73,40,11.5,TC,12/13/2021 1:28,scattered clouds
134,Houma,29.5958,-90.7195,57.2,79,1,5.75,US,12/13/2021 1:28,clear sky
135,Nara,34.6851,135.8049,51.17,63,77,10.51,JP,12/13/2021 1:28,broken clouds
136,Hasaki,35.7333,140.8333,55.69,46,78,15.77,JP,12/13/2021 1:29,broken clouds
137,Ostrovnoy,68.0531,39.5131,29.59,93,100,14.54,RU,12/13/2021 1:24,light snow
138,Camana,-16.6228,-72.7111,67.75,89,88,8.63,PE,12/13/2021 1:29,overcast clouds
139,Skorodnoye,51.071,37.2276,28.29,58,100,12.35,RU,12/13/2021 1:29,overcast clouds
140,Dunedin,-45.8742,170.5036,63.09,64,100,10.45,NZ,12/13/2021 1:29,overcast clouds
141,Veraval,20.9,70.3667,71.73,60,0,8.25,IN,12/13/2021 1:29,clear sky
142,Iquique,-20.2208,-70.1431,66.24,80,56,2.42,CL,12/13/2021 1:29,broken clouds
143,Valdivia,-39.8142,-73.2459,46.49,88,100,2.68,CL,12/13/2021 1:29,overcast clouds
144,Ailigandi,9.2333,-78.0167,79.72,83,100,8.5,PA,12/13/2021 1:29,overcast clouds
145,Marabba,12.35,32.1833,76.89,29,56,9.53,SD,12/13/2021 1:29,broken clouds
146,Limon,10,-83.0333,77.86,76,10,0.07,CR,12/13/2021 1:29,clear sky
147,Mlonggo,-6.5333,110.7,84.09,76,100,5.06,ID,12/13/2021 1:29,overcast clouds
148,Gat,31.61,34.7642,70.92,35,100,5.46,IL,12/13/2021 1:29,overcast clouds
149,Qasigiannguit,68.8193,-51.1922,19.65,89,70,5.75,GL,12/13/2021 1:29,broken clouds
150,Tasiilaq,65.6145,-37.6368,33.96,88,100,6.87,GL,12/13/2021 1:29,overcast clouds
151,Kendari,-3.945,122.4989,83.23,76,100,3.31,ID,12/13/2021 1:29,overcast clouds
152,Anadyr,64.75,177.4833,-32.13,98,100,8.28,RU,12/13/2021 1:29,overcast clouds
153,Melfi,40.9965,15.6514,41.49,84,40,8.12,IT,12/13/2021 1:29,scattered clouds
154,Taoudenni,22.6783,-3.9836,66.09,21,27,14.54,ML,12/13/2021 1:29,scattered clouds
155,Tuktoyaktuk,69.4541,-133.0374,-5.8,77,90,19.57,CA,12/13/2021 1:29,light snow
156,Talnakh,69.4865,88.3972,-25.8,80,24,1.16,RU,12/13/2021 1:29,few clouds
157,Palana,59.1167,159.9667,13.33,86,100,19.71,RU,12/13/2021 1:29,overcast clouds
158,Faanui,-16.4833,-151.75,81.36,73,100,11.99,PF,12/13/2021 1:29,light rain
159,San Rafael,-34.6177,-68.3301,67.59,41,4,6.17,AR,12/13/2021 1:29,clear sky
160,Rudnogorsk,57.2639,103.7519,-13.14,100,82,2.68,RU,12/13/2021 1:29,broken clouds
161,Luderitz,-26.6481,15.1594,61.12,82,39,13,NA,12/13/2021 1:29,scattered clouds
162,Kahului,20.8947,-156.47,80.62,73,40,21.85,US,12/13/2021 1:28,scattered clouds
163,Vandra,58.6481,25.0361,31.17,90,100,5.7,EE,12/13/2021 1:29,overcast clouds
164,Leninsk,48.7119,45.1994,21.06,56,92,10.96,RU,12/13/2021 1:29,overcast clouds
165,Axim,4.8699,-2.2405,79.27,85,91,5.95,GH,12/13/2021 1:21,overcast clouds
166,Dikson,73.5069,80.5464,-17.01,96,85,16.58,RU,12/13/2021 1:29,overcast clouds
167,Torbay,47.6666,-52.7314,40.68,88,90,33.38,CA,12/13/2021 1:29,overcast clouds
168,Thompson,55.7435,-97.8558,3.36,85,90,6.91,CA,12/13/2021 1:24,light snow
169,Mongar,27.2747,91.2396,41.86,78,1,5.44,BT,12/13/2021 1:29,clear sky
170,Bassar,9.25,0.7833,75.4,25,51,3.18,TG,12/13/2021 1:29,broken clouds
171,Bambous Virieux,-20.3428,57.7575,75.45,78,40,5.75,MU,12/13/2021 1:29,light rain
172,Takoradi,4.8845,-1.7554,79.86,85,26,6.62,GH,12/13/2021 1:29,scattered clouds
173,Nanzhang,31.7765,111.8386,44.83,75,7,1.48,CN,12/13/2021 1:29,clear sky
174,Zhigansk,66.7697,123.3711,-34.56,99,94,10.22,RU,12/13/2021 1:29,overcast clouds
175,Catarman,12.4989,124.6377,79,91,83,12.73,PH,12/13/2021 1:29,broken clouds
176,Oliveira Do Hospital,40.3618,-7.8601,44.04,82,5,4.38,PT,12/13/2021 1:29,clear sky
177,Lebu,-37.6167,-73.65,52.88,80,28,8.12,CL,12/13/2021 1:29,scattered clouds
178,Tabou,4.423,-7.3528,79.74,84,14,6.55,CI,12/13/2021 1:29,few clouds
179,San Carlos De Bariloche,-41.1456,-71.3082,47.95,66,40,20.71,AR,12/13/2021 1:29,scattered clouds
180,Warrnambool,-38.3833,142.4833,84.81,56,85,12.57,AU,12/13/2021 1:30,light rain
181,Airai,-8.9266,125.4092,75.2,58,81,0.85,TL,12/13/2021 1:30,broken clouds
182,Nikolskoye,59.7035,30.7861,24.69,99,100,1.52,RU,12/13/2021 1:30,snow
183,Hobart,-42.8794,147.3294,77.02,42,20,4,AU,12/13/2021 1:30,few clouds
184,Puerto Ayora,-0.7393,-90.3518,68.56,96,95,1.99,EC,12/13/2021 1:30,overcast clouds
185,Ciudad Ojeda,10.1964,-71.3082,77.61,81,72,11.12,VE,12/13/2021 1:30,broken clouds
186,Lermontovka,47.1453,134.3383,7.45,83,93,10.63,RU,12/13/2021 1:30,overcast clouds
187,Kavaratti,10.5669,72.642,81.75,71,90,3.6,IN,12/13/2021 1:30,overcast clouds
188,Lorengau,-2.0226,147.2712,84.58,76,100,15.37,PG,12/13/2021 1:22,moderate rain
189,Lulea,65.5842,22.1547,32.07,93,100,5.75,SE,12/13/2021 1:30,overcast clouds
190,Coihaique,-45.5752,-72.0662,51.75,66,0,3.44,CL,12/13/2021 1:26,clear sky
191,Mehamn,71.0357,27.8492,27.36,94,100,12.57,NO,12/13/2021 1:24,light snow
192,Diffa,13.3154,12.6113,69.69,20,90,9.1,NE,12/13/2021 1:30,overcast clouds
193,Beloha,-25.1667,45.05,72.82,69,15,10.33,MG,12/13/2021 1:30,few clouds
194,Chokurdakh,70.6333,147.9167,-36.85,97,100,1.88,RU,12/13/2021 1:30,overcast clouds
195,Manjacaze,-24.7117,33.8828,75.69,85,87,1.01,MZ,12/13/2021 1:30,overcast clouds
196,Pacific Grove,36.6177,-121.9166,54.43,80,90,1.01,US,12/13/2021 1:30,overcast clouds
197,Barcelos,41.5388,-8.6151,53.74,80,6,5.44,PT,12/13/2021 1:30,clear sky
198,Dickson,36.077,-87.3878,41.92,70,20,0,US,12/13/2021 1:30,few clouds
199,Sabara,-19.8864,-43.8067,72.01,78,75,5.75,BR,12/13/2021 1:30,moderate rain
200,Zemio,5.0314,25.1361,71.49,41,100,2.3,CF,12/13/2021 1:30,overcast clouds
201,Mount Vernon,40.9126,-73.8371,44.62,51,1,7,US,12/13/2021 1:28,clear sky
202,Najran,17.4924,44.1277,47.05,72,2,1.12,SA,12/13/2021 1:30,clear sky
203,Clyde River,70.4692,-68.5914,-1.97,92,90,13.8,CA,12/13/2021 1:30,light snow
204,Gamba,-2.65,10,75.42,93,100,3.13,GA,12/13/2021 1:30,overcast clouds
205,Upernavik,72.7868,-56.1549,6.12,92,100,11.34,GL,12/13/2021 1:30,overcast clouds
206,Zaranj,30.9667,61.8833,49.78,44,4,14.9,AF,12/13/2021 1:30,clear sky
207,Tiarei,-17.5333,-149.3333,84.22,72,42,10.54,PF,12/13/2021 1:22,light rain
208,Cherskiy,68.75,161.3,-40.36,100,94,1.21,RU,12/13/2021 1:30,overcast clouds
209,Ancud,-41.8697,-73.8203,51.42,81,100,5.64,CL,12/13/2021 1:30,overcast clouds
210,Arraial Do Cabo,-22.9661,-42.0278,75.15,96,100,10.47,BR,12/13/2021 1:30,overcast clouds
211,Sheridan,44.8333,-106.9173,42.98,51,1,1.99,US,12/13/2021 1:30,clear sky
212,Porterville,36.0652,-119.0168,57.78,54,75,0,US,12/13/2021 1:30,broken clouds
213,Cabo San Lucas,22.8909,-109.9124,74.52,73,75,3.44,MX,12/13/2021 1:28,broken clouds
214,San Luis,-33.295,-66.3356,62.78,81,0,14.14,AR,12/13/2021 1:28,clear sky
215,Imeni Poliny Osipenko,52.4201,136.4853,17.94,88,100,9.93,RU,12/13/2021 1:30,overcast clouds
216,El Alto,-4.2714,-81.2147,66.33,82,48,9.17,PE,12/13/2021 1:30,scattered clouds
217,Castro,-24.7911,-50.0119,65.12,82,100,4.72,BR,12/13/2021 1:30,overcast clouds
218,Boyolangu,-8.1181,111.8935,83.93,69,53,7.72,ID,12/13/2021 1:30,broken clouds
219,Hamilton,39.1834,-84.5333,41.09,63,1,4.61,US,12/13/2021 1:30,clear sky
220,Kyra,49.5776,111.9753,10.63,71,81,3.65,RU,12/13/2021 1:30,broken clouds
221,Vao,-22.6667,167.4833,77.2,89,100,13.67,NC,12/13/2021 1:30,moderate rain
222,Zhangjiakou,40.81,114.8794,19.67,29,0,0.69,CN,12/13/2021 1:28,clear sky
223,Svetlyy,54.675,20.1347,30.25,90,99,7.05,RU,12/13/2021 1:30,overcast clouds
224,Birao,10.2849,22.7882,69.85,32,12,6.17,CF,12/13/2021 1:31,few clouds
225,Maceio,-9.6658,-35.7353,78.24,88,75,3.44,BR,12/13/2021 1:31,broken clouds
226,Tshikapa,-6.4167,20.8,71.19,97,100,1.92,CD,12/13/2021 1:31,light rain
227,Honavar,14.2833,74.45,76.24,71,90,6.04,IN,12/13/2021 1:31,overcast clouds
228,Pak Phanang,8.3511,100.202,78.82,75,91,10.69,TH,12/13/2021 1:31,overcast clouds
229,Ninghai,29.2892,121.4247,52.74,64,18,7.65,CN,12/13/2021 1:31,few clouds
230,Ambilobe,-13.2,49.05,71.96,80,2,3.53,MG,12/13/2021 1:31,clear sky
231,Bathsheba,13.2167,-59.5167,81.21,78,20,18.41,BB,12/13/2021 1:31,few clouds
232,Guerrero Negro,27.9769,-114.0611,61.41,65,61,9.24,MX,12/13/2021 1:31,broken clouds
233,Muroto,33.2833,134.15,57.24,54,20,4.7,JP,12/13/2021 1:31,few clouds
234,Haines Junction,60.7522,-137.5108,-7.65,59,100,8.05,CA,12/13/2021 1:31,overcast clouds
235,Zhezkazgan,47.8043,67.7144,19.38,86,90,20.13,KZ,12/13/2021 1:31,light snow
236,Moindou,-21.6924,165.677,78.75,96,100,2.84,NC,12/13/2021 1:31,moderate rain
237,Fukue,32.6881,128.8419,44.96,65,75,9.22,JP,12/13/2021 1:31,broken clouds
238,Ponnani,10.767,75.9252,74.52,81,91,7.56,IN,12/13/2021 1:32,overcast clouds
239,Sutysky,49.0425,28.4173,34.59,92,100,9.31,UA,12/13/2021 1:32,overcast clouds
240,Acapulco,16.8634,-99.8901,80.42,83,1,3.44,MX,12/13/2021 1:28,clear sky
241,Kamina,-8.7386,24.9906,64.62,95,100,5.06,CD,12/13/2021 1:32,overcast clouds
242,Yulara,-25.2406,130.9889,82.24,42,10,12.66,AU,12/13/2021 1:32,clear sky
243,Sitka,57.0531,-135.33,35.49,55,75,11.5,US,12/13/2021 1:32,light rain
244,Taganak,6.0833,118.3,82.54,78,99,1.83,PH,12/13/2021 1:32,overcast clouds
245,Enkoping,59.6361,17.0777,33.03,93,64,4.68,SE,12/13/2021 1:32,broken clouds
246,Arona,28.0996,-16.681,62.38,66,20,1.01,ES,12/13/2021 1:32,few clouds
247,Illapel,-31.6308,-71.1653,58.39,77,0,2.93,CL,12/13/2021 1:31,clear sky
248,Inirida,3.8653,-67.9239,76.35,87,82,3.18,CO,12/13/2021 1:32,broken clouds
249,Laramie,41.3114,-105.5911,42.53,34,0,4,US,12/13/2021 1:29,clear sky
250,Teahupoo,-17.8333,-149.2667,78.76,78,60,11.72,PF,12/13/2021 1:32,broken clouds
251,Shimoda,34.6667,138.95,57.56,57,28,5.01,JP,12/13/2021 1:32,scattered clouds
252,Buala,-8.145,159.5921,84.63,77,83,9.01,SB,12/13/2021 1:32,light rain
253,Newport,51.5877,-2.9984,54.45,89,100,18.57,GB,12/13/2021 1:20,light rain
254,Pimentel,-6.8367,-79.9342,66.99,86,71,9.53,PE,12/13/2021 1:32,broken clouds
255,Nanortalik,60.1432,-45.2371,24.13,78,100,9.84,GL,12/13/2021 1:32,overcast clouds
256,Mama,58.3106,112.8986,-3.35,99,100,4.14,RU,12/13/2021 1:32,overcast clouds
257,Pontes E Lacerda,-15.2261,-59.3353,72.9,98,100,4.85,BR,12/13/2021 1:32,overcast clouds
258,Abomey,7.1829,1.9912,74.86,88,52,2.53,BJ,12/13/2021 1:32,broken clouds
259,Katherine,-14.4667,132.2667,93.52,49,3,11.5,AU,12/13/2021 1:32,clear sky
260,Yarovoye,52.9273,78.58,5.38,96,94,8.81,RU,12/13/2021 1:32,overcast clouds
261,Trogir,43.5125,16.2517,45.79,52,0,6.91,HR,12/13/2021 1:27,clear sky
262,Manvi,15.9833,77.05,69.85,83,100,5.08,IN,12/13/2021 1:32,overcast clouds
263,Montlucon,46.3333,2.6,37.11,97,93,4.03,FR,12/13/2021 1:32,overcast clouds
264,Rawson,-43.3002,-65.1023,56.86,71,100,8.77,AR,12/13/2021 1:32,overcast clouds
265,Ulaanbaatar,47.9077,106.8832,6.55,73,5,2.66,MN,12/13/2021 1:27,clear sky
266,Poplar Bluff,36.757,-90.3929,41.63,65,1,6.91,US,12/13/2021 1:32,clear sky
267,Narsaq,60.9167,-46.05,17.82,77,68,6.62,GL,12/13/2021 1:32,broken clouds
268,Tura,25.5198,90.2201,61.75,69,0,2.1,IN,12/13/2021 1:33,clear sky
269,Manacapuru,-3.2997,-60.6206,75.78,91,100,3.98,BR,12/13/2021 1:33,light rain
270,Xianyang,34.3378,108.7026,34.84,60,0,6.71,CN,12/13/2021 1:33,clear sky
271,Yar-Sale,66.8333,70.8333,-17.97,100,87,2.64,RU,12/13/2021 1:33,overcast clouds
272,Nhulunbuy,-12.2333,136.7667,93.81,46,20,8.05,AU,12/13/2021 1:33,few clouds
273,Nanga Eboko,4.6833,12.3667,67.55,76,92,2.42,CM,12/13/2021 1:33,overcast clouds
274,Conceicao Do Rio Verde,-21.8808,-45.0853,68.04,91,89,2.53,BR,12/13/2021 1:33,overcast clouds
275,Bose,45.4612,8.0137,41.95,66,8,3.4,IT,12/13/2021 1:33,clear sky
276,Srednekolymsk,67.45,153.6833,-33.9,95,100,2.46,RU,12/13/2021 1:33,overcast clouds
277,Pipar,26.3856,73.5378,56.62,50,83,8.25,IN,12/13/2021 1:33,broken clouds
278,Kidal,18.4411,1.4078,69.51,11,26,6.67,ML,12/13/2021 1:33,scattered clouds
279,Ahipara,-35.1667,173.1667,68.52,95,100,7.34,NZ,12/13/2021 1:33,light rain
280,Vysokogornyy,50.1167,139.15,11.32,87,100,8.19,RU,12/13/2021 1:33,overcast clouds
281,Shubarshi,48.5872,57.1869,14.43,80,3,11.81,KZ,12/13/2021 1:33,clear sky
282,Mathathane,-22.2687,28.7495,80.83,46,100,13.24,BW,12/13/2021 1:33,overcast clouds
283,Ustyuzhna,58.8394,36.4321,30.83,97,100,10.85,RU,12/13/2021 1:33,light snow
284,Aklavik,68.2191,-135.0107,-3.28,90,100,20.85,CA,12/13/2021 1:33,overcast clouds
285,Pyaozerskiy,65.8333,31.1667,19.85,97,99,3.89,RU,12/13/2021 1:33,overcast clouds
286,La Romana,18.4273,-68.9728,80.33,88,20,0,DO,12/13/2021 1:33,few clouds
287,Pleshanovo,52.8333,53.4833,8.04,93,11,1.72,RU,12/13/2021 1:33,few clouds
288,Kaeo,-35.1,173.7833,72.32,94,100,6.46,NZ,12/13/2021 1:33,light rain
289,Dingli,35.8614,14.3822,52.81,81,20,8.05,MT,12/13/2021 1:33,few clouds
290,Bardiyah,31.7561,25.0865,59.07,79,0,7.94,LY,12/13/2021 1:33,clear sky
291,La Libertad,-2.2333,-80.9,71.01,83,97,7.85,EC,12/13/2021 1:33,overcast clouds
292,Marovoay,-16.1,46.6333,78.94,74,100,4.05,MG,12/13/2021 1:33,overcast clouds
293,Mangan,27.5167,88.5333,59.67,38,0,3.09,IN,12/13/2021 1:33,clear sky
294,Severnyy-Kospashskiy,59.0925,57.8008,0.05,98,100,2.71,RU,12/13/2021 1:33,overcast clouds
295,Sanchursk,56.9413,47.2499,11.28,89,87,7.72,RU,12/13/2021 1:33,overcast clouds
296,Kavieng,-2.5744,150.7967,84.49,73,96,8.68,PG,12/13/2021 1:33,light rain
297,Inegol,40.0781,29.5133,55.2,93,100,2.42,TR,12/13/2021 1:33,light rain
298,Brae,60.3964,-1.353,49.91,92,100,31.74,GB,12/13/2021 1:33,overcast clouds
299,Ahuimanu,21.4447,-157.8378,83.91,66,20,16.11,US,12/13/2021 1:33,few clouds
300,Carballo,43.213,-8.691,53.02,96,23,4.83,ES,12/13/2021 1:33,few clouds
301,Oktyabrskoye,43.0645,44.7417,28.54,100,40,2.24,RU,12/13/2021 1:33,scattered clouds
302,Altus,34.6381,-99.334,54.16,27,1,11.5,US,12/13/2021 1:33,clear sky
303,Valparaiso,-33.0393,-71.6273,60.44,63,0,10.36,CL,12/13/2021 1:32,clear sky
304,Dingle,10.9995,122.6711,82.69,79,31,13.13,PH,12/13/2021 1:33,scattered clouds
305,Sorland,67.667,12.6934,38.01,97,100,21.52,NO,12/13/2021 1:33,overcast clouds
306,La Macarena,2.1837,-73.7849,74.84,72,75,3.29,CO,12/13/2021 1:33,broken clouds
307,Mocuba,-16.8392,36.9856,76.03,68,9,4.45,MZ,12/13/2021 1:33,clear sky
308,Manaus,-3.1019,-60.025,75.7,100,40,2.3,BR,12/13/2021 1:33,scattered clouds
309,Xihe,31.6864,113.4659,47.25,68,0,3.49,CN,12/13/2021 1:33,clear sky
310,Tieling,42.2931,123.8414,24.24,31,0,12.93,CN,12/13/2021 1:33,clear sky
311,Esperance,-33.8667,121.9,64.24,44,76,3.27,AU,12/13/2021 1:33,broken clouds
312,Leningradskiy,69.3833,178.4167,-30.87,90,3,3.94,RU,12/13/2021 1:33,clear sky
313,Holme,56.1138,10.1725,43.65,95,80,4.94,DK,12/13/2021 1:33,broken clouds
314,Linqiong,30.4159,103.4609,49.82,76,100,2.64,CN,12/13/2021 1:33,overcast clouds
315,Lagoa,39.05,-27.9833,57.9,50,100,16.04,PT,12/13/2021 1:34,overcast clouds
316,Pisco,-13.7,-76.2167,66.02,94,0,14.97,PE,12/13/2021 1:34,clear sky
317,Flinders,-34.5833,150.8552,75.79,64,3,8.12,AU,12/13/2021 1:34,clear sky
318,Bruck An Der Leitha,48.0167,16.7667,41.5,86,90,5.75,AT,12/13/2021 1:34,overcast clouds
319,Yagodnoye,62.55,149.6667,-9.44,99,100,5.19,RU,12/13/2021 1:34,light snow
320,Longyearbyen,78.2186,15.6401,31.84,80,75,14.97,SJ,12/13/2021 1:34,broken clouds
321,Maicao,11.3832,-72.2432,74.39,85,100,2.01,CO,12/13/2021 1:34,overcast clouds
322,Pitimbu,-7.4706,-34.8086,79.39,78,52,11.79,BR,12/13/2021 1:34,broken clouds
323,Codrington,-38.2667,141.9667,80.13,37,94,19.28,AU,12/13/2021 1:34,overcast clouds
324,Kruisfontein,-34.0033,24.7314,67.89,98,100,6.58,ZA,12/13/2021 1:34,light rain
325,Voh,-20.9667,164.7,76.14,95,100,4.07,NC,12/13/2021 1:34,moderate rain
326,Saint-Pierre,-21.3393,55.4781,76.68,69,0,13.8,RE,12/13/2021 1:34,clear sky
327,La Grande,45.3246,-118.0877,37.36,92,100,5.59,US,12/13/2021 1:34,overcast clouds
328,Vila Velha,-20.3297,-40.2925,78.75,84,20,8.99,BR,12/13/2021 1:34,few clouds
329,Ajdabiya,30.7554,20.2263,57.54,72,27,6.46,LY,12/13/2021 1:34,scattered clouds
330,Landau,49.2075,8.1133,43.77,91,100,3.89,DE,12/13/2021 1:34,overcast clouds
331,Tecoanapa,16.5167,-98.75,79.16,75,0,5.79,MX,12/13/2021 1:34,clear sky
332,Inta,66.0317,60.1659,6.49,94,96,7.74,RU,12/13/2021 1:34,overcast clouds
333,Chara,56.9064,118.2631,-8.68,90,100,1.59,RU,12/13/2021 1:34,overcast clouds
334,Ust-Kuyga,70.0167,135.6,-34.69,100,100,1.72,RU,12/13/2021 1:34,overcast clouds
335,Gravdal,68.1214,13.5031,35.2,77,68,11.32,NO,12/13/2021 1:34,broken clouds
336,Kuminskiy,58.6667,66.5667,12.07,87,72,6.91,RU,12/13/2021 1:34,broken clouds
337,Gewane,10.1664,40.6453,69.58,68,37,4.61,ET,12/13/2021 1:34,scattered clouds
338,Abnub,27.2696,31.1511,59.22,45,100,5.53,EG,12/13/2021 1:34,overcast clouds
339,Aguililla,18.7333,-102.7333,66.72,77,5,4.54,MX,12/13/2021 1:34,clear sky
340,Bowen,-20.0167,148.2333,86.22,53,8,18.01,AU,12/13/2021 1:34,clear sky
341,Sao Joao Da Barra,-21.6403,-41.0511,76.1,91,100,16.55,BR,12/13/2021 1:34,overcast clouds
342,College,64.8569,-147.8028,-12.8,65,90,3.44,US,12/13/2021 1:34,light snow
343,Halifax,44.6453,-63.5724,37.42,66,0,4,CA,12/13/2021 1:33,clear sky
344,Yatou,37.15,122.3833,36.34,45,20,9.28,CN,12/13/2021 1:34,few clouds
345,Ilulissat,69.2167,-51.1,19.42,63,75,12.66,GL,12/13/2021 1:34,broken clouds
346,Rabat,33.9911,-6.8401,60.04,100,0,0,MA,12/13/2021 1:34,mist
347,Venado Tuerto,-33.7456,-61.9688,67.77,95,4,5.97,AR,12/13/2021 1:34,clear sky
348,La Reforma,25.0833,-108.05,73.69,82,65,4.85,MX,12/13/2021 1:34,broken clouds
349,Samarai,-10.6167,150.6667,85.42,71,100,11.79,PG,12/13/2021 1:34,overcast clouds
350,Luanda,-8.8368,13.2343,77,88,40,0,AO,12/13/2021 1:34,heavy intensity rain
351,Angoche,-16.2325,39.9086,74.95,87,0,6.93,MZ,12/13/2021 1:34,clear sky
352,Dumas,35.8656,-101.9732,56.53,8,1,16.11,US,12/13/2021 1:34,clear sky
353,Grindavik,63.8424,-22.4338,39.9,87,75,16.11,IS,12/13/2021 1:34,broken clouds
354,Huhi,20.7167,-89.1667,78.94,73,11,7.27,MX,12/13/2021 1:34,few clouds
355,Hami,42.8,93.45,22.23,44,15,3.27,CN,12/13/2021 1:34,few clouds
356,Lar,26.2039,83.9717,58.66,51,0,1.79,IN,12/13/2021 1:34,clear sky
357,Saint-Leu,-21.15,55.2833,76.06,74,10,7.02,RE,12/13/2021 1:34,clear sky
358,Darhan,49.4867,105.9228,2.68,93,11,1.36,MN,12/13/2021 1:34,few clouds
359,Sechura,-5.5569,-80.8222,70.2,74,27,12.24,PE,12/13/2021 1:29,scattered clouds
360,Dongsheng,39.8161,109.9776,20.84,54,0,10.56,CN,12/13/2021 1:34,clear sky
361,Salinopolis,-0.6136,-47.3561,81.16,80,33,11.43,BR,12/13/2021 1:33,scattered clouds
362,Nzega,-2.479,29.5564,54.46,87,100,3.31,RW,12/13/2021 1:35,overcast clouds
363,Centerville,39.6284,-84.1594,39.74,66,1,6.91,US,12/13/2021 1:31,clear sky
364,Frei Paulo,-10.5494,-37.5344,71.87,89,76,6.93,BR,12/13/2021 1:35,broken clouds
365,Darnah,32.767,22.6367,57.56,75,6,9.8,LY,12/13/2021 1:35,clear sky
366,Atar,20.5169,-13.0499,69.51,17,99,7.94,MR,12/13/2021 1:35,overcast clouds
367,Tuatapere,-46.1333,167.6833,63.82,52,87,7.2,NZ,12/13/2021 1:35,overcast clouds
368,Marsh Harbour,26.5412,-77.0636,76.37,76,4,11.86,BS,12/13/2021 1:35,clear sky
369,Petropavlovsk-Kamchatskiy,53.0452,158.6483,27.19,69,0,4.47,RU,12/13/2021 1:31,clear sky
370,Klaksvik,62.2266,-6.589,38.32,97,100,15.77,FO,12/13/2021 1:35,overcast clouds
371,Fort Nelson,58.8053,-122.7002,-0.81,85,75,5.75,CA,12/13/2021 1:35,light snow
372,Taltal,-25.4,-70.4833,62.69,79,0,3.85,CL,12/13/2021 1:35,clear sky
373,Puerto Baquerizo Moreno,-0.9,-89.6,68.83,92,83,8.23,EC,12/13/2021 1:33,broken clouds
374,Half Moon Bay,37.4636,-122.4286,55.15,93,90,7,US,12/13/2021 1:35,mist
375,Havre-Saint-Pierre,50.2334,-63.5986,32,59,40,32.21,CA,12/13/2021 1:35,scattered clouds
376,San Patricio,28.017,-97.5169,62.46,68,0,5.44,US,12/13/2021 1:35,clear sky
377,Alexandria,31.2156,29.9553,59.54,77,40,4.61,EG,12/13/2021 1:35,scattered clouds
378,Khilok,51.3674,110.4676,14.5,74,93,3.2,RU,12/13/2021 1:35,overcast clouds
379,Xining,36.6167,101.7667,24.49,26,0,1.95,CN,12/13/2021 1:35,clear sky
380,Maputo,-25.9653,32.5892,78.48,89,75,4,MZ,12/13/2021 1:35,broken clouds
381,Marzuq,14.4,46.4667,53.26,57,1,3.74,YE,12/13/2021 1:35,clear sky
382,Berdigestyakh,62.0989,126.6992,-11.69,98,100,4.25,RU,12/13/2021 1:35,overcast clouds
383,Nome,64.5011,-165.4064,-14.73,65,1,0,US,12/13/2021 1:33,clear sky
384,Sidney,-33.8679,151.2073,78.62,58,1,5.99,AU,12/13/2021 1:32,clear sky
385,Nongstoin,25.5167,91.2667,53.69,41,0,2.73,IN,12/13/2021 1:35,clear sky
386,Faya,18.3851,42.4509,44.71,45,0,3.09,SA,12/13/2021 1:35,clear sky
387,Miquelon,47.0975,-56.3814,39.27,71,100,39.37,PM,12/13/2021 1:35,overcast clouds
388,Le Port,-20.9373,55.2919,77,77,17,3.69,RE,12/13/2021 1:35,few clouds
389,Saint-Joseph,-21.3667,55.6167,75.58,73,17,12.12,RE,12/13/2021 1:35,few clouds
390,Port Hardy,50.6996,-127.4199,37.76,93,75,5.75,CA,12/13/2021 1:35,broken clouds
391,Araouane,18.9048,-3.5265,68.92,10,61,9.78,ML,12/13/2021 1:35,broken clouds
392,Nelson Bay,-32.7167,152.15,78.3,60,20,4,AU,12/13/2021 1:35,few clouds
393,Ocean City,39.2776,-74.5746,44.98,70,0,4,US,12/13/2021 1:35,clear sky
394,Urumqi,43.801,87.6005,4.15,85,0,2.24,CN,12/13/2021 1:35,clear sky
395,Charters Towers,-20.1,146.2667,90.95,34,5,9.53,AU,12/13/2021 1:36,clear sky
396,Pingshan,22.9938,114.7131,63.9,59,0,6.69,CN,12/13/2021 1:36,clear sky
397,Anito,12.4497,125.2886,79.54,90,98,14.97,PH,12/13/2021 1:36,light rain
398,Limoges,45.75,1.3333,39.76,100,99,4.61,FR,12/13/2021 1:36,fog
399,Edd,13.9297,41.6925,78.17,56,0,15.7,ER,12/13/2021 1:36,clear sky
400,Walvis Bay,-22.9575,14.5053,61.09,94,5,10.36,NA,12/13/2021 1:36,clear sky
401,Belmonte,-15.8631,-38.8828,77.5,88,77,7.74,BR,12/13/2021 1:36,broken clouds
402,Trapani,37.8333,12.6667,51.89,71,40,8.05,IT,12/13/2021 1:32,scattered clouds
403,Hailar,49.2,119.7,10.62,84,61,12.03,CN,12/13/2021 1:36,broken clouds
404,Camacupa,-12.0167,17.4833,60.93,97,88,2.06,AO,12/13/2021 1:36,light rain
405,Dondo,-19.6094,34.7431,78.31,96,18,2.59,MZ,12/13/2021 1:36,few clouds
406,Paldiski,59.3567,24.0531,34.86,95,90,8.43,EE,12/13/2021 1:36,overcast clouds
407,Mwinilunga,-11.7358,24.4293,61.25,97,62,4.27,ZM,12/13/2021 1:36,broken clouds
408,Quelimane,-17.8786,36.8883,80.55,74,0,8.05,MZ,12/13/2021 1:36,clear sky
409,Margate,51.3813,1.3862,53.31,78,100,3,GB,12/13/2021 1:36,overcast clouds
410,Tautira,-17.7333,-149.15,84.22,78,59,10.22,PF,12/13/2021 1:36,light rain
411,Weligama,5.9667,80.4167,77.74,81,100,5.7,LK,12/13/2021 1:37,overcast clouds
412,Dicabisagan,17.0818,122.4157,75.33,78,100,10.27,PH,12/13/2021 1:37,overcast clouds
413,Bubaque,11.2833,-15.8333,80.92,71,7,12.64,GW,12/13/2021 1:37,clear sky
414,Shitanjing,39.2342,106.3439,24.82,24,0,2.55,CN,12/13/2021 1:37,clear sky
415,Luganville,-15.5333,167.1667,81.59,86,100,13.91,VU,12/13/2021 1:37,overcast clouds
416,Charagua,-19.8,-63.2167,72.97,85,100,6.44,BO,12/13/2021 1:37,overcast clouds
417,Westport,41.1415,-73.3579,46.22,52,1,1.01,US,12/13/2021 1:32,clear sky
418,Siavonga,-16.5382,28.7088,77.22,43,16,3.74,ZM,12/13/2021 1:37,few clouds
419,Husavik,66.0449,-17.3389,39.11,80,98,14.12,IS,12/13/2021 1:37,overcast clouds
420,Pavilosta,56.8879,21.1859,31.95,72,100,4.9,LV,12/13/2021 1:37,overcast clouds
421,Linares,-35.85,-71.6,52.95,55,3,8.34,CL,12/13/2021 1:37,clear sky
422,Indi,17.1667,75.9667,71.28,61,100,10,IN,12/13/2021 1:37,overcast clouds
423,Vestmannaeyjar,63.4427,-20.2734,43.3,73,100,16.35,IS,12/13/2021 1:37,light rain
424,Merano,46.6682,11.1595,46.72,88,92,7.07,IT,12/13/2021 1:37,overcast clouds
425,Ambatofinandrahana,-20.55,46.8,56.59,92,0,3.71,MG,12/13/2021 1:37,clear sky
426,Funadhoo,6.15,73.2667,81.59,79,100,12.66,MV,12/13/2021 1:37,overcast clouds
427,Secunda,-26.55,29.1667,61.32,99,100,1.01,ZA,12/13/2021 1:37,heavy intensity rain
428,Ketchikan,55.3422,-131.6461,27.07,80,40,0,US,12/13/2021 1:37,scattered clouds
429,Chepareria,1.3077,35.2039,58.64,74,93,4.76,KE,12/13/2021 1:37,overcast clouds
430,Makakilo City,21.3469,-158.0858,82.72,59,1,8.05,US,12/13/2021 1:37,clear sky
431,Bartlesville,36.7473,-95.9808,50.56,44,1,10.36,US,12/13/2021 1:37,clear sky
432,At-Bashi,41.1702,75.8106,5.7,72,100,2.15,KG,12/13/2021 1:37,overcast clouds
433,Znamenskoye,57.1281,73.8282,13.51,94,100,6.78,RU,12/13/2021 1:37,light snow
434,Batagay-Alyta,67.8006,130.4114,-35.52,98,82,4.94,RU,12/13/2021 1:37,broken clouds
435,Sambava,-14.2667,50.1667,74.86,83,41,7.83,MG,12/13/2021 1:37,light rain
436,Segezha,63.7415,34.3222,18.95,96,95,5.12,RU,12/13/2021 1:37,overcast clouds
437,Rio Bueno,-40.3167,-72.9667,53.74,78,100,1.99,CL,12/13/2021 1:37,overcast clouds
438,Dryden,49.7833,-92.7503,30.49,74,90,5.75,CA,12/13/2021 1:37,overcast clouds
439,Kattivakkam,13.2167,80.3167,80.08,88,99,15.64,IN,12/13/2021 1:37,overcast clouds
440,Trelew,-43.249,-65.3051,57.27,68,100,7.29,AR,12/13/2021 1:36,overcast clouds
441,Waingapu,-9.6567,120.2641,86.07,68,46,4.36,ID,12/13/2021 1:37,scattered clouds
442,Kyabe,9.4515,18.9449,77.31,29,91,4.14,TD,12/13/2021 1:37,overcast clouds
443,Chabahar,25.2919,60.643,70.09,49,60,6.33,IR,12/13/2021 1:37,broken clouds
444,Pochutla,15.7432,-96.4661,80.82,88,18,3.78,MX,12/13/2021 1:37,few clouds
445,Pontypool,51.7011,-3.0444,52.65,91,100,15.99,GB,12/13/2021 1:34,overcast clouds
446,Ngaoundere,7.3167,13.5833,66.45,27,67,3.91,CM,12/13/2021 1:37,broken clouds
447,Puerto Ayacucho,5.6639,-67.6236,82.18,71,55,9.89,VE,12/13/2021 1:37,broken clouds
448,Baykit,61.67,96.37,-25.85,99,41,1.88,RU,12/13/2021 1:37,scattered clouds
449,Saint-Augustin,51.226,-58.6502,27.01,62,95,26.62,CA,12/13/2021 1:37,overcast clouds
450,Gillette,44.2911,-105.5022,39.02,60,1,18.01,US,12/13/2021 1:37,clear sky
451,Bogashevo,56.3683,85.1447,-1.03,78,75,6.71,RU,12/13/2021 1:37,light shower snow
452,Sabang,5.8933,95.3214,82.17,73,31,18.86,ID,12/13/2021 1:37,scattered clouds
453,Shelburne,44.0787,-80.2041,37.29,75,15,20.65,CA,12/13/2021 1:37,few clouds
454,Asau,46.4333,26.4,37.76,83,100,2.59,RO,12/13/2021 1:37,overcast clouds
455,Ballia,25.7557,84.1503,58.23,52,0,2.33,IN,12/13/2021 1:37,clear sky
456,Geraldton,-28.7667,114.6,73.81,46,0,6.91,AU,12/13/2021 1:37,clear sky
457,Berlevag,70.8578,29.0864,25.57,89,77,14.5,NO,12/13/2021 1:38,broken clouds
458,Kununurra,-15.7667,128.7333,98.58,39,95,10.36,AU,12/13/2021 1:38,overcast clouds
459,Herat,34.5,62,36.14,74,0,7.49,AF,12/13/2021 1:38,clear sky
460,Gold Coast,-28,153.4333,84.16,66,40,5.01,AU,12/13/2021 1:38,scattered clouds
461,Mangai,-4.05,19.5333,69.49,97,100,1.05,CD,12/13/2021 1:38,overcast clouds
462,Ulagan,50.6321,87.9563,16.56,96,100,0.72,RU,12/13/2021 1:38,light snow
463,Verkhnevilyuysk,63.4453,120.3167,-18.58,97,100,5.84,RU,12/13/2021 1:38,overcast clouds
464,Pataias,39.6698,-8.9958,56.55,78,8,6.89,PT,12/13/2021 1:38,clear sky
465,Puyang,29.4603,119.8861,48.06,68,52,5.19,CN,12/13/2021 1:38,broken clouds
466,Omsukchan,62.5333,155.8,-5.08,97,100,8.93,RU,12/13/2021 1:38,overcast clouds
467,Masuguru,-11.3667,38.4167,72.07,92,76,2.21,TZ,12/13/2021 1:38,broken clouds
468,Kloulklubed,7.0419,134.2556,84.7,79,41,13.22,PW,12/13/2021 1:38,scattered clouds
469,Qui Nhon,13.7667,109.2333,74.55,86,97,20.89,VN,12/13/2021 1:38,overcast clouds
470,Denpasar,-8.65,115.2167,83.86,83,40,6.91,ID,12/13/2021 1:34,scattered clouds
471,Namibe,-15.1961,12.1522,69.96,81,100,4.99,AO,12/13/2021 1:38,overcast clouds
472,Nabire,-3.3667,135.4833,84.6,68,100,4.43,ID,12/13/2021 1:38,overcast clouds
473,Alofi,-19.0595,-169.9187,78.69,83,4,5.75,NU,12/13/2021 1:38,clear sky
474,Thinadhoo,0.5333,72.9333,80.94,75,100,8.72,MV,12/13/2021 1:38,overcast clouds
475,Krompachy,48.9145,20.8751,33.75,93,100,5.17,SK,12/13/2021 1:38,overcast clouds
476,Goderich,43.7501,-81.7165,43.12,61,51,26.46,CA,12/13/2021 1:38,broken clouds
477,Sao Filipe,14.8961,-24.4956,74.97,71,100,7.92,CV,12/13/2021 1:38,overcast clouds
478,Almeirim,-1.5233,-52.5817,76.69,87,100,3.8,BR,12/13/2021 1:38,light rain
479,North Platte,41.1239,-100.7654,45.37,42,1,1.01,US,12/13/2021 1:35,clear sky
480,Bayevo,53.2833,80.7667,2.21,96,100,8.37,RU,12/13/2021 1:38,overcast clouds
481,Xudat,41.631,48.681,42.78,81,37,5.68,AZ,12/13/2021 1:38,scattered clouds
482,Melo,-32.3667,-54.1833,69.46,75,80,11.5,UY,12/13/2021 1:38,broken clouds
483,Hearst,49.6835,-83.6665,32.25,88,70,8.97,CA,12/13/2021 1:38,broken clouds
484,Uspenka,48.3903,39.1619,32.63,60,100,15.66,UA,12/13/2021 1:38,overcast clouds
485,Bonavista,48.6499,-53.1147,41.11,70,98,30.31,CA,12/13/2021 1:38,overcast clouds
486,Hay River,60.8156,-115.7999,-4.02,77,40,6.91,CA,12/13/2021 1:38,scattered clouds
487,Hobyo,5.3505,48.5268,77.97,80,24,20.71,SO,12/13/2021 1:38,few clouds
488,Bonthe,7.5264,-12.505,78.71,86,7,6.26,SL,12/13/2021 1:38,light rain
489,Ponta Do Sol,32.6667,-17.1,64.71,78,28,0.98,PT,12/13/2021 1:38,scattered clouds
490,Yarada,17.65,83.2667,73.72,78,40,3.44,IN,12/13/2021 1:38,mist
491,Ixtapa,20.7,-105.2,78.03,78,75,5.75,MX,12/13/2021 1:38,broken clouds
492,Goundam,16.4145,-3.6708,72.73,13,79,8.41,ML,12/13/2021 1:38,broken clouds
493,Kaitangata,-46.2817,169.8464,61.93,64,59,7.09,NZ,12/13/2021 1:38,broken clouds
494,Stawell,-37.05,142.7667,90.84,16,79,11.05,AU,12/13/2021 1:38,light rain
495,Koumac,-20.5667,164.2833,76.87,91,100,7.49,NC,12/13/2021 1:38,moderate rain
496,Kokopo,-4.352,152.2633,85.51,68,100,6.89,PG,12/13/2021 1:38,light rain
497,Inverell,-29.7833,151.1167,80.67,45,0,4,AU,12/13/2021 1:38,clear sky
498,Nemuro,43.3236,145.575,32.43,58,57,31.61,JP,12/13/2021 1:38,broken clouds
499,Janauba,-15.8025,-43.3089,72.14,90,100,2.89,BR,12/13/2021 1:38,overcast clouds
500,Freeport,40.6576,-73.5832,44.96,52,1,5.99,US,12/13/2021 1:33,clear sky
501,Lusaka,-15.4067,28.2871,73.18,36,28,10.31,ZM,12/13/2021 1:38,scattered clouds
502,Skjervoy,70.0311,20.9714,35.37,99,100,8.19,NO,12/13/2021 1:38,light rain
503,Sorong,-0.8833,131.25,82.53,80,100,2.1,ID,12/13/2021 1:36,moderate rain
504,Vestmanna,62.1564,-7.1664,36.52,93,90,9.22,FO,12/13/2021 1:38,overcast clouds
505,Chicama,-7.8447,-79.1469,63.14,79,79,5.01,PE,12/13/2021 1:39,broken clouds
506,Wasilla,61.5814,-149.4394,7.75,71,1,3.44,US,12/13/2021 1:39,clear sky
507,Richards Bay,-28.783,32.0377,75.2,71,100,6.73,ZA,12/13/2021 1:39,overcast clouds
508,Acajutla,13.5928,-89.8275,78.93,79,19,4.74,SV,12/13/2021 1:39,few clouds
509,Korhogo,9.45,-5.6333,73.15,26,43,2.71,CI,12/13/2021 1:39,scattered clouds
510,Sitges,41.2351,1.8119,53.1,86,12,4.56,ES,12/13/2021 1:39,few clouds
511,Hambantota,6.1241,81.1185,75.54,100,20,3.44,LK,12/13/2021 1:39,few clouds
512,Coahuayana,18.7333,-103.6833,81.88,91,5,2.06,MX,12/13/2021 1:39,clear sky
513,Amalapuram,16.5833,82.0167,77.38,78,100,8.03,IN,12/13/2021 1:39,overcast clouds
514,Inawashiro,37.5667,140.1167,35.76,83,90,23.73,JP,12/13/2021 1:39,light rain
515,Acarau,-2.8856,-40.12,80.42,81,88,16.84,BR,12/13/2021 1:39,overcast clouds
516,Pierre,44.3683,-100.351,38.32,71,1,12.66,US,12/13/2021 1:39,clear sky
517,Puerto Escondido,15.85,-97.0667,81.43,69,20,3.44,MX,12/13/2021 1:36,few clouds
518,Labuhan,-6.8844,112.2051,84.67,69,41,9.66,ID,12/13/2021 1:39,scattered clouds
519,Lewisporte,49.2499,-55.0482,35.31,70,96,19.01,CA,12/13/2021 1:39,overcast clouds
520,Abha,18.2164,42.5053,44.42,49,0,0,SA,12/13/2021 1:39,clear sky
521,Umea,63.8284,20.2597,33.73,93,90,3.44,SE,12/13/2021 1:36,light snow
522,Mersing,2.4312,103.8405,75.11,94,40,5.75,MY,12/13/2021 1:39,light rain
523,Parkersburg,39.2667,-81.5615,32.13,83,9,4.25,US,12/13/2021 1:39,clear sky
524,Ulaangom,49.9811,92.0667,-4.56,90,100,3.15,MN,12/13/2021 1:39,overcast clouds
525,Lazaro Cardenas,17.9583,-102.2,77.97,83,3,2.04,MX,12/13/2021 1:39,clear sky
526,Barabinsk,55.3571,78.357,10.74,95,100,9.06,RU,12/13/2021 1:39,overcast clouds
527,Rabo De Peixe,37.8,-25.5833,55.27,92,20,6.91,PT,12/13/2021 1:39,few clouds
528,Erdenet,49.0333,104.0833,10.76,47,6,5.1,MN,12/13/2021 1:39,clear sky
529,Tanta,30.7885,31.0019,58.86,78,100,4.88,EG,12/13/2021 1:37,overcast clouds
530,Pirgos,35.1167,25.7178,57.61,71,3,10.16,GR,12/13/2021 1:39,clear sky
531,Gizo,-8.103,156.8419,85.82,70,25,7.99,SB,12/13/2021 1:39,scattered clouds
532,Adrar,20.5022,-10.0711,64.54,17,59,9.93,MR,12/13/2021 1:39,broken clouds
533,Kamen,51.6,7.6667,49.75,95,90,3,DE,12/13/2021 1:39,overcast clouds
534,Iquitos,-3.7481,-73.2472,80.64,89,0,2.3,PE,12/13/2021 1:39,clear sky
535,Nanyang,32.9947,112.5328,43.5,56,5,3.24,CN,12/13/2021 1:39,clear sky
536,Komsomolskiy,40.4272,71.7189,35.02,64,100,4.61,UZ,12/13/2021 1:39,haze
537,Kalengwa,-13.4659,25.0027,71.06,58,100,3.27,ZM,12/13/2021 1:39,overcast clouds
538,Zdunska Wola,51.5992,18.9397,25.25,94,53,1.99,PL,12/13/2021 1:39,broken clouds
539,Kuala Terengganu,5.3302,103.1408,78.75,89,40,3.44,MY,12/13/2021 1:39,scattered clouds
540,Resistencia,-27.4606,-58.9839,80.58,70,0,9.22,AR,12/13/2021 1:38,light rain
541,Kharp,66.8014,65.8081,-2.67,99,16,4.92,RU,12/13/2021 1:39,few clouds
542,Lebork,54.5392,17.7501,36.91,83,100,4.43,PL,12/13/2021 1:38,overcast clouds
543,Biloela,-24.4167,150.5,87.64,35,6,12.26,AU,12/13/2021 1:40,clear sky
544,Bandarbeyla,9.4942,50.8122,75.79,77,8,20.2,SO,12/13/2021 1:40,clear sky
545,Sirsa,29.5333,75.0167,53.31,41,97,4.92,IN,12/13/2021 1:40,overcast clouds
546,Marienburg,54.0359,19.0266,30.88,95,76,5.86,PL,12/13/2021 1:40,broken clouds
547,Mbanza-Ngungu,-5.25,14.8667,67.21,95,100,2.15,CD,12/13/2021 1:40,overcast clouds
548,Pasir Gudang,1.4584,103.8805,80.8,84,75,3.44,MY,12/13/2021 1:40,broken clouds
549,Hede,33.7681,120.2517,41.63,46,0,6.08,CN,12/13/2021 1:40,clear sky
550,Ngorongoro,-3.2397,35.4875,51.75,92,99,2.57,TZ,12/13/2021 1:40,overcast clouds
551,Charcas,23.1333,-101.1167,55.74,64,87,6.17,MX,12/13/2021 1:40,overcast clouds
552,Dabat,12.9842,37.765,49.93,29,9,5.48,ET,12/13/2021 1:40,clear sky
553,Tazovskiy,67.4667,78.7,-27.94,94,17,5.37,RU,12/13/2021 1:41,few clouds
554,Piacabucu,-10.4056,-36.4344,79,80,15,12.71,BR,12/13/2021 1:41,few clouds
555,Cabedelo,-6.9811,-34.8339,79.47,80,71,10.63,BR,12/13/2021 1:41,broken clouds
556,San Quintin,30.4833,-115.95,48.43,75,0,6.02,MX,12/13/2021 1:41,clear sky
557,Baraboo,43.4711,-89.7443,43,59,1,1.01,US,12/13/2021 1:41,clear sky
558,Zaragoza,41.6561,-0.8773,44.02,88,0,5.01,ES,12/13/2021 1:41,clear sky
559,Uruguaiana,-29.7547,-57.0883,79.27,52,87,8.7,BR,12/13/2021 1:41,overcast clouds
560,Miandrivazo,-19.5167,45.4667,78.89,72,57,4.09,MG,12/13/2021 1:41,broken clouds
561,Port Augusta,-32.5,137.7667,66.34,52,83,19.01,AU,12/13/2021 1:41,broken clouds
562,Andenes,69.3143,16.1194,33.78,93,100,11.5,NO,12/13/2021 1:41,light snow
563,Solnechnyy,50.7214,136.6319,18,83,100,8.52,RU,12/13/2021 1:41,overcast clouds
564,Heishan,41.6892,122.1128,27.68,30,0,10.71,CN,12/13/2021 1:41,clear sky
565,Tucson,32.2217,-110.9265,65.64,37,1,1.01,US,12/13/2021 1:37,clear sky
566,Moncton,46.1159,-64.8019,37.99,67,1,12.66,CA,12/13/2021 1:38,clear sky
567,South Venice,27.0531,-82.4243,74.98,94,1,5.75,US,12/13/2021 1:41,clear sky
568,Marystown,47.1666,-55.1483,39.85,100,100,14,CA,12/13/2021 1:41,overcast clouds
569,Touros,-5.1989,-35.4608,81.5,77,35,15.32,BR,12/13/2021 1:41,scattered clouds
570,Bucarasica,8.041,-72.8654,68.9,96,78,2.01,CO,12/13/2021 1:41,broken clouds
571,Jizan,17.3333,42.6667,72.54,47,0,5.3,SA,12/13/2021 1:40,clear sky
572,Pathalgaon,22.5667,83.4667,58.06,53,51,3.06,IN,12/13/2021 1:41,broken clouds
573,Matara,5.9485,80.5353,78.01,80,100,7.36,LK,12/13/2021 1:41,overcast clouds
574,Paita,-5.0892,-81.1144,67.35,84,58,9.6,PE,12/13/2021 1:41,broken clouds
575,Sibolga,1.7427,98.7792,79.56,85,94,2.84,ID,12/13/2021 1:41,overcast clouds
576,Nalut,30.3333,10.85,43.05,65,5,7.43,LY,12/13/2021 1:41,clear sky
577,Tsovagyugh,40.6303,44.9574,27.37,49,2,1.77,AM,12/13/2021 1:41,clear sky
578,Kashmor,28.4333,69.5833,58.33,28,4,6.38,PK,12/13/2021 1:41,clear sky
579,Keta,5.9179,0.9879,82.62,82,58,9.01,GH,12/13/2021 1:41,broken clouds
580,Springbok,-29.6643,17.8865,56.43,70,73,5.64,ZA,12/13/2021 1:41,broken clouds
581,Saint George,37.1041,-113.5841,45.95,50,1,4,US,12/13/2021 1:41,clear sky
582,Madera,37.1666,-119.8343,56.25,60,100,2.39,US,12/13/2021 1:41,overcast clouds
583,Irvine,33.6695,-117.8231,62.38,68,1,4.61,US,12/13/2021 1:40,clear sky
584,Tyshkivka,48.4967,30.9423,39.34,83,100,10,UA,12/13/2021 1:41,overcast clouds
585,Naberera,-4.2,36.9333,61.41,94,69,6.17,TZ,12/13/2021 1:41,broken clouds
586,Rio Grande,-32.035,-52.0986,69.66,78,1,16.67,BR,12/13/2021 1:41,light rain
587,Lakselv,70.0513,24.9718,31.82,80,90,12.66,NO,12/13/2021 1:41,overcast clouds
588,Rahimatpur,17.6,74.2,69.13,66,99,3.44,IN,12/13/2021 1:41,overcast clouds
589,Bridlington,54.0831,-0.1919,51.3,82,95,23.64,GB,12/13/2021 1:41,overcast clouds
590,Ardrishaig,56.0157,-5.4481,47.21,78,100,17.81,GB,12/13/2021 1:41,overcast clouds
591,Traverse City,44.7631,-85.6206,43.02,60,75,10.36,US,12/13/2021 1:41,broken clouds
592,Cabra,37.4725,-4.4421,52.39,76,0,4.38,ES,12/13/2021 1:41,clear sky
593,Pringsewu,-5.3582,104.9744,83.95,70,37,1.5,ID,12/13/2021 1:41,scattered clouds
594,Senador Jose Porfirio,-2.5908,-51.9542,76.66,92,100,1.72,BR,12/13/2021 1:41,overcast clouds
595,Kalawit,8.0667,122.5167,83.89,76,85,3.78,PH,12/13/2021 1:41,overcast clouds
596,Balabac,7.9868,117.0645,83.19,78,49,14.25,PH,12/13/2021 1:41,scattered clouds
597,Praia,14.9215,-23.5087,73.94,83,100,16.11,CV,12/13/2021 1:41,overcast clouds
598,Nishihara,26.1842,127.7558,67.66,73,75,25.32,JP,12/13/2021 1:41,broken clouds
599,Banes,20.9625,-75.7186,74.01,79,18,11.25,CU,12/13/2021 1:41,few clouds
600,Maniitsoq,65.4167,-52.9,21.27,59,1,6.15,GL,12/13/2021 1:41,clear sky
601,Roald,62.5833,6.1333,44.1,75,20,8.05,NO,12/13/2021 1:41,few clouds
602,Smithers,54.7804,-127.1743,10.72,85,75,0,CA,12/13/2021 1:42,broken clouds
603,Kempsey,-31.0833,152.8333,77.95,55,0,3,AU,12/13/2021 1:42,clear sky
604,Takaka,-40.85,172.8,63.55,73,100,4.59,NZ,12/13/2021 1:42,light rain
605,Port-Gentil,-0.7193,8.7815,79.18,83,100,6.71,GA,12/13/2021 1:42,overcast clouds
606,Isoka,-10.1606,32.6335,61.93,86,58,2.89,ZM,12/13/2021 1:42,broken clouds
607,Surajgarh,28.3124,75.7347,53.33,48,31,6.26,IN,12/13/2021 1:42,scattered clouds
608,Sorrento,40.626,14.3744,49.57,79,0,5.75,IT,12/13/2021 1:42,clear sky
609,Coihueco,-36.6167,-71.8333,57.94,55,2,9.22,CL,12/13/2021 1:42,clear sky
610,Kolochava,48.4285,23.6959,31.06,93,100,5.14,UA,12/13/2021 1:42,light snow
611,Yuanping,38.7153,112.7575,25.3,27,0,0.94,CN,12/13/2021 1:42,clear sky
612,Hit,33.6416,42.8251,55.58,43,100,7.92,IQ,12/13/2021 1:42,overcast clouds
613,Lahaina,20.8783,-156.6825,80.6,85,77,12.06,US,12/13/2021 1:42,broken clouds
614,Washington,47.5001,-120.5015,37.89,76,100,2.95,US,12/13/2021 1:40,overcast clouds
615,Chapais,49.7834,-74.8492,26.38,95,100,10.74,CA,12/13/2021 1:42,light snow
616,Lardos,36.0942,28.0157,60.94,75,11,12.35,GR,12/13/2021 1:42,few clouds
617,Tashtyp,52.7939,89.8983,17.31,85,93,10.87,RU,12/13/2021 1:42,overcast clouds
618,Penzance,50.1186,-5.5371,54.61,89,100,22.73,GB,12/13/2021 1:42,overcast clouds
619,Moorhead,46.8739,-96.7676,37.27,82,1,8.05,US,12/13/2021 1:42,clear sky
620,Griffith,41.5284,-87.4237,44.71,66,1,4,US,12/13/2021 1:42,clear sky
621,Alice Springs,-23.7,133.8833,89.15,23,0,6.91,AU,12/13/2021 1:42,clear sky
622,Belaya Glina,46.07,40.86,37.17,82,100,20.83,RU,12/13/2021 1:42,overcast clouds
623,Nisia Floresta,-6.0911,-35.2086,82.78,80,66,9.17,BR,12/13/2021 1:42,broken clouds
624,Gazanjyk,39.2446,55.5154,41.27,75,62,3.98,TM,12/13/2021 1:42,broken clouds
625,Kasangulu,-4.5911,15.1708,72.54,95,100,1.34,CD,12/13/2021 1:42,overcast clouds
626,Itarema,-2.9248,-39.9167,80.44,80,95,15.84,BR,12/13/2021 1:42,overcast clouds
627,Hoi An,15.8794,108.335,75.16,77,69,15.95,VN,12/13/2021 1:42,broken clouds
628,Yalutorovsk,56.6536,66.3006,10.42,89,27,7.07,RU,12/13/2021 1:42,scattered clouds
629,Kysyl-Syr,63.8986,122.7617,-23.46,97,100,6.71,RU,12/13/2021 1:42,overcast clouds
630,Ishigaki,24.3448,124.1572,68.13,88,75,27.63,JP,12/13/2021 1:42,broken clouds
631,Jasdan,22.0333,71.2,63.68,48,0,7.27,IN,12/13/2021 1:42,clear sky
632,Santiago De Cao,-7.9589,-79.2392,64.53,88,45,6.91,PE,12/13/2021 1:42,scattered clouds
633,Portland,45.5234,-122.6762,43.63,93,75,1.99,US,12/13/2021 1:39,broken clouds
634,Jablah,35.3614,35.9256,61.09,55,0,6.91,SY,12/13/2021 1:42,clear sky
635,Wanning,18.8003,110.3967,71.62,73,85,15.97,CN,12/13/2021 1:42,overcast clouds
636,Halden,59.1226,11.3871,37.54,99,100,6.24,NO,12/13/2021 1:42,overcast clouds
637,Jatibonico,21.9419,-79.17,72.28,91,1,8.81,CU,12/13/2021 1:42,clear sky
638,Panjab,34.388,67.0233,21.07,35,86,1.21,AF,12/13/2021 1:42,overcast clouds
639,Shu,43.5983,73.7614,35.22,88,100,5.68,KZ,12/13/2021 1:42,overcast clouds
640,Surt,31.2089,16.5887,59.76,51,81,11.65,LY,12/13/2021 1:42,broken clouds
641,Khuzhir,53.1939,107.3397,24.84,59,100,13.65,RU,12/13/2021 1:42,overcast clouds
642,Kitimat,54.0524,-128.6534,26.98,94,100,2.46,CA,12/13/2021 1:42,overcast clouds
643,San Francisco,37.7749,-122.4194,55.2,91,90,4,US,12/13/2021 1:38,moderate rain
644,Bullhead City,35.1478,-114.5683,58.26,28,1,4.61,US,12/13/2021 1:42,clear sky
645,Macia,-25.0269,33.0989,76.55,85,100,3.18,MZ,12/13/2021 1:42,overcast clouds
646,Kamareddi,18.3167,78.35,64.31,66,97,4.14,IN,12/13/2021 1:42,overcast clouds
647,Natal,-5.795,-35.2094,82.62,78,40,12.66,BR,12/13/2021 1:40,scattered clouds
648,Harrisburg,40.2737,-76.8844,40.69,49,1,3,US,12/13/2021 1:43,clear sky
649,Safford,32.834,-109.7076,59.05,37,1,3.44,US,12/13/2021 1:43,clear sky
650,Pemangkat,1.1667,108.9667,80.85,81,100,4.59,ID,12/13/2021 1:43,overcast clouds
651,Bulungu,-4.55,18.6,68.99,96,100,1.5,CD,12/13/2021 1:43,overcast clouds
652,Erenhot,43.6475,111.9767,18.21,56,0,17.34,CN,12/13/2021 1:43,clear sky
653,Tanout,14.9709,8.8879,63.39,12,82,11.05,NE,12/13/2021 1:43,broken clouds
654,Deputatskiy,69.3,139.9,-37.14,100,52,1.66,RU,12/13/2021 1:43,broken clouds
655,Tiruchchendur,8.4833,78.1167,80.89,86,93,16.51,IN,12/13/2021 1:43,overcast clouds
656,Sydney,-33.8679,151.2073,78.62,58,1,4,AU,12/13/2021 1:43,clear sky
657,Constitucion,-35.3333,-72.4167,52.09,80,0,13.15,CL,12/13/2021 1:43,clear sky
658,Skagen,57.7209,10.5839,35.28,95,100,7.49,DK,12/13/2021 1:43,overcast clouds
659,Muzhi,65.3667,64.6667,-6.56,99,33,1.79,RU,12/13/2021 1:43,scattered clouds
660,Plettenberg Bay,-34.0527,23.3716,65.21,94,100,2.24,ZA,12/13/2021 1:43,light rain
661,Olafsvik,64.8945,-23.7142,41.63,88,100,21.21,IS,12/13/2021 1:43,moderate rain
662,Sibu,2.3,111.8167,82.71,83,20,5.01,MY,12/13/2021 1:43,few clouds
663,Rantepao,-2.9701,119.8978,81.9,61,95,2.46,ID,12/13/2021 1:43,overcast clouds
664,Yerbogachen,61.2767,108.0108,-43.58,100,54,3.04,RU,12/13/2021 1:43,broken clouds
665,Camocim,-2.9022,-40.8411,80.15,81,80,14.14,BR,12/13/2021 1:43,broken clouds
666,Mangrol,21.1167,70.1167,70.7,60,0,8.86,IN,12/13/2021 1:43,clear sky
667,Corner Brook,48.9667,-57.9484,37.53,82,100,19.86,CA,12/13/2021 1:39,light rain
668,Cullinan,-25.6709,28.5236,67.82,84,100,1.01,ZA,12/13/2021 1:43,light rain
669,Mitchell,43.7094,-98.0298,33.78,69,1,17.27,US,12/13/2021 1:43,clear sky
670,Kamiiso,41.8167,140.65,28.78,74,75,27.63,JP,12/13/2021 1:43,light shower snow
671,Baijiantan,45.6333,85.1833,14.95,85,100,1.63,CN,12/13/2021 1:43,overcast clouds
672,Buchanan,5.8808,-10.0467,79.54,84,21,5.12,LR,12/13/2021 1:43,few clouds
673,Tutoia,-2.7619,-42.2744,84.18,83,82,14.05,BR,12/13/2021 1:43,broken clouds
674,Namatanai,-3.6667,152.4333,87.01,65,95,7.29,PG,12/13/2021 1:43,overcast clouds
675,Burgos,42.3394,-3.7079,34.21,100,90,1.14,ES,12/13/2021 1:43,fog
676,Tanabe,33.7333,135.3667,52.81,54,40,13.8,JP,12/13/2021 1:43,scattered clouds
677,Mayor Pablo Lagerenza,-19.9309,-60.7718,82.26,67,100,10.94,PY,12/13/2021 1:43,overcast clouds
678,Swellendam,-34.0226,20.4417,62.87,88,100,3.38,ZA,12/13/2021 1:43,overcast clouds
679,Saldanha,-33.0117,17.9442,60.85,93,2,14.12,ZA,12/13/2021 1:43,clear sky
680,Kungurtug,50.5994,97.5228,-5.91,93,40,1.32,RU,12/13/2021 1:43,scattered clouds
681,Borogontsy,62.6683,131.1683,-21.46,98,100,2.35,RU,12/13/2021 1:43,overcast clouds
682,Kenai,60.5544,-151.2583,5.05,65,1,4.61,US,12/13/2021 1:43,haze
683,Esso,55.9333,158.7,21.13,90,100,3.78,RU,12/13/2021 1:43,light snow
684,Cape Canaveral,28.4058,-80.6048,74.03,89,20,6.91,US,12/13/2021 1:43,few clouds
685,Nnewi,6.0199,6.9148,73.4,94,18,3.38,NG,12/13/2021 1:43,few clouds
686,Velsk,61.0701,42.0983,21.79,95,100,6.64,RU,12/13/2021 1:43,overcast clouds
687,Suluq,31.6682,20.2521,55.42,70,7,3.2,LY,12/13/2021 1:43,clear sky
688,Jasper,37.2001,-94.3502,47.23,34,1,3,US,12/13/2021 1:43,clear sky
689,Cap-Aux-Meules,47.3821,-61.8597,35.65,55,75,32.21,CA,12/13/2021 1:43,broken clouds
690,Muros,42.7762,-9.0603,56.23,80,38,8.25,ES,12/13/2021 1:43,scattered clouds
691,Manhattan,40.7834,-73.9662,45.61,45,1,4.61,US,12/13/2021 1:41,clear sky
692,Benxi,41.2886,123.765,23.32,29,0,5.55,CN,12/13/2021 1:43,clear sky
693,Ucluelet,48.9329,-125.5528,38.08,88,99,7.2,CA,12/13/2021 1:43,overcast clouds
694,Vanavara,60.34,102.2797,-42.39,99,47,2.59,RU,12/13/2021 1:43,scattered clouds
695,Ongandjera,-17.8833,15.0667,75.63,58,55,11.5,NA,12/13/2021 1:44,broken clouds
696,Katobu,-4.9408,122.5276,85.98,69,100,3.56,ID,12/13/2021 1:44,overcast clouds
697,Volksrust,-27.3654,29.8818,58.59,90,100,4.45,ZA,12/13/2021 1:44,overcast clouds
698,Rabak,13.1809,32.74,75.33,31,19,9.73,SD,12/13/2021 1:44,few clouds
699,Bilma,18.6853,12.9164,62.71,12,11,9.6,NE,12/13/2021 1:45,few clouds
700,San Juan,-31.5375,-68.5364,72.28,50,19,18.63,AR,12/13/2021 1:41,few clouds
701,Tamandare,-8.7597,-35.1047,78.44,81,22,9.22,BR,12/13/2021 1:45,few clouds
702,Karasburg,-28.0167,18.75,61.07,34,100,14.32,NA,12/13/2021 1:45,overcast clouds
703,Bongandanga,1.5,21.05,71.98,94,87,2.68,CD,12/13/2021 1:45,overcast clouds
704,Shache,38.4167,77.2406,19.81,71,48,1.83,CN,12/13/2021 1:45,scattered clouds
705,Okato,-39.2,173.8833,72.43,89,100,8.41,NZ,12/13/2021 1:45,overcast clouds
706,Scarborough,54.2797,-0.4044,54.09,87,96,7,GB,12/13/2021 1:41,overcast clouds
707,Kuito,-12.3833,16.9333,59.29,96,82,1.54,AO,12/13/2021 1:45,light rain
708,Cooma,-36.2333,149.1333,69.57,52,0,11.5,AU,12/13/2021 1:42,clear sky
709,Dwarka,22.2394,68.9678,72.45,52,0,8.66,IN,12/13/2021 1:45,clear sky
710,Delitzsch,51.5333,12.35,42.35,93,75,10.36,DE,12/13/2021 1:45,mist
711,Jawar,23,76.5,58.33,62,0,5.77,IN,12/13/2021 1:45,clear sky
